# t,x,y,z,vx,vy,vz,ax,ay,az
0.000000,-21.552050,4.242690,1.002486,-0.000000,0.020000,0.000000,-0.000040,-0.000000,0.000000
0.010000,-21.552050,4.242890,1.002486,-0.000001,0.040000,0.000000,-0.000160,-0.000000,0.000000
0.020000,-21.552050,4.243290,1.002486,-0.000004,0.060000,0.000000,-0.000360,-0.000000,0.000000
0.030000,-21.552050,4.243890,1.002486,-0.000010,0.080000,0.000000,-0.000640,-0.000000,0.000000
0.040000,-21.552050,4.244690,1.002486,-0.000020,0.100000,0.000000,-0.001000,-0.000000,0.000000
0.050000,-21.552050,4.245690,1.002486,-0.000036,0.120000,0.000000,-0.001440,-0.000000,0.000000
0.060000,-21.552050,4.246890,1.002486,-0.000059,0.140000,0.000000,-0.001960,-0.000001,0.000000
0.070000,-21.552051,4.248290,1.002486,-0.000090,0.160000,0.000000,-0.002560,-0.000001,0.000000
0.080000,-21.552052,4.249890,1.002486,-0.000130,0.180000,0.000000,-0.003240,-0.000002,0.000000
0.090000,-21.552054,4.251690,1.002486,-0.000180,0.200000,0.000000,-0.004000,-0.000004,0.000000
0.100000,-21.552056,4.253690,1.002486,-0.000242,0.220000,0.000000,-0.004840,-0.000005,0.000000
0.110000,-21.552058,4.255890,1.002486,-0.000317,0.240000,0.000000,-0.005760,-0.000008,0.000000
0.120000,-21.552062,4.258290,1.002486,-0.000406,0.260000,0.000000,-0.006760,-0.000011,0.000000
0.130000,-21.552066,4.260890,1.002486,-0.000510,0.280000,0.000000,-0.007840,-0.000014,0.000000
0.140000,-21.552072,4.263690,1.002486,-0.000630,0.299999,0.000000,-0.009000,-0.000019,0.000000
0.150000,-21.552078,4.266690,1.002486,-0.000768,0.319999,0.000000,-0.010240,-0.000025,0.000000
0.160000,-21.552087,4.269890,1.002486,-0.000925,0.339999,0.000000,-0.011560,-0.000031,0.000000
0.170000,-21.552096,4.273290,1.002486,-0.001102,0.359998,0.000000,-0.012960,-0.000040,0.000000
0.180000,-21.552108,4.276890,1.002486,-0.001300,0.379998,0.000000,-0.014440,-0.000049,0.000000
0.190000,-21.552122,4.280690,1.002486,-0.001520,0.399997,0.000000,-0.016000,-0.000061,0.000000
0.200000,-21.552138,4.284690,1.002486,-0.001764,0.419996,0.000000,-0.017640,-0.000074,0.000000
0.210000,-21.552156,4.288890,1.002486,-0.002033,0.439995,0.000000,-0.019360,-0.000089,0.000000
0.220000,-21.552178,4.293290,1.002486,-0.002328,0.459994,0.000000,-0.021160,-0.000107,0.000000
0.230000,-21.552202,4.297890,1.002486,-0.002650,0.479993,0.000000,-0.023040,-0.000127,0.000000
0.240000,-21.552230,4.302690,1.002486,-0.003000,0.499991,0.000000,-0.025000,-0.000150,0.000000
0.250000,-21.552261,4.307689,1.002486,-0.003380,0.519989,0.000000,-0.027039,-0.000176,0.000000
0.260000,-21.552296,4.312889,1.002486,-0.003791,0.539987,0.000000,-0.029159,-0.000205,0.000000
0.270000,-21.552335,4.318289,1.002486,-0.004234,0.559984,0.000000,-0.031359,-0.000237,0.000000
0.280000,-21.552379,4.323889,1.002486,-0.004710,0.579981,0.000000,-0.033639,-0.000273,0.000000
0.290000,-21.552428,4.329689,1.002486,-0.005220,0.599977,0.000000,-0.035999,-0.000313,0.000000
0.300000,-21.552482,4.335689,1.002486,-0.005766,0.619973,0.000000,-0.038438,-0.000357,0.000000
0.310000,-21.552542,4.341888,1.002486,-0.006349,0.639969,0.000000,-0.040958,-0.000406,0.000000
0.320000,-21.552607,4.348288,1.002486,-0.006969,0.659963,0.000000,-0.043558,-0.000460,0.000000
0.330000,-21.552679,4.354888,1.002486,-0.007629,0.679957,0.000000,-0.046237,-0.000519,0.000000
0.340000,-21.552758,4.361687,1.002486,-0.008330,0.699950,0.000000,-0.048997,-0.000583,0.000000
0.350000,-21.552843,4.368687,1.002486,-0.009072,0.719943,0.000000,-0.051836,-0.000653,0.000000
0.360000,-21.552937,4.375886,1.002486,-0.009857,0.739934,0.000000,-0.054755,-0.000729,0.000000
0.370000,-21.553038,4.383285,1.002486,-0.010685,0.759925,0.000000,-0.057754,-0.000812,0.000000
0.380000,-21.553148,4.390884,1.002486,-0.011559,0.779914,0.000000,-0.060833,-0.000902,0.000000
0.390000,-21.553266,4.398684,1.002486,-0.012479,0.799903,0.000000,-0.063992,-0.000998,0.000000
0.400000,-21.553394,4.406683,1.002486,-0.013447,0.819890,0.000000,-0.067231,-0.001103,0.000000
0.410000,-21.553532,4.414881,1.002486,-0.014464,0.839875,0.000000,-0.070550,-0.001215,0.000000
0.420000,-21.553680,4.423280,1.002486,-0.015531,0.859860,0.000000,-0.073948,-0.001336,0.000000
0.430000,-21.553839,4.431879,1.002486,-0.016649,0.879842,0.000000,-0.077426,-0.001465,0.000000
0.440000,-21.554010,4.440677,1.002486,-0.017819,0.899824,0.000000,-0.080984,-0.001604,0.000000
0.450000,-21.554192,4.449675,1.002486,-0.019043,0.919803,0.000000,-0.084622,-0.001752,0.000000
0.460000,-21.554387,4.458873,1.002486,-0.020321,0.939780,0.000000,-0.088339,-0.001910,0.000000
0.470000,-21.554594,4.468271,1.002486,-0.021656,0.959756,0.000000,-0.092137,-0.002079,0.000000
0.480000,-21.554815,4.477868,1.002486,-0.023047,0.979729,0.000000,-0.096013,-0.002259,0.000000
0.490000,-21.555051,4.487665,1.002486,-0.024498,0.999700,0.000000,-0.099970,-0.002450,0.000000
0.500000,-21.555301,4.497662,1.002486,-0.026007,1.019668,0.000000,-0.104006,-0.002653,0.000000
0.510000,-21.555566,4.507859,1.002486,-0.027578,1.039634,0.000000,-0.108122,-0.002868,0.000000
0.520000,-21.555847,4.518255,1.002486,-0.029210,1.059597,0.000000,-0.112317,-0.003096,0.000000
0.530000,-21.556145,4.528851,1.002486,-0.030905,1.079558,0.000000,-0.116592,-0.003338,0.000000
0.540000,-21.556460,4.539646,1.002486,-0.032665,1.099515,0.000000,-0.120947,-0.003593,0.000000
0.550000,-21.556792,4.550641,1.002486,-0.034491,1.119469,0.000000,-0.125381,-0.003863,0.000000
0.560000,-21.557144,4.561836,1.002486,-0.036383,1.139419,0.000000,-0.129894,-0.004148,0.000000
0.570000,-21.557514,4.573230,1.002486,-0.038343,1.159366,0.000000,-0.134486,-0.004448,0.000000
0.580000,-21.557904,4.584823,1.002486,-0.040372,1.179309,0.000000,-0.139158,-0.004764,0.000000
0.590000,-21.558315,4.596616,1.002486,-0.042471,1.199248,0.000000,-0.143910,-0.005097,0.000000
0.600000,-21.558747,4.608608,1.002486,-0.044642,1.219183,0.000000,-0.148740,-0.005446,0.000000
0.610000,-21.559200,4.620800,1.002486,-0.046886,1.239113,0.000000,-0.153650,-0.005814,0.000000
0.620000,-21.559677,4.633191,1.002486,-0.049203,1.259039,0.000000,-0.158639,-0.006200,0.000000
0.630000,-21.560177,4.645781,1.002486,-0.051596,1.278960,0.000000,-0.163707,-0.006604,0.000000
0.640000,-21.560701,4.658570,1.002486,-0.054064,1.298875,0.000000,-0.168854,-0.007028,0.000000
0.650000,-21.561250,4.671558,1.002486,-0.056611,1.318786,0.000000,-0.174080,-0.007473,0.000000
0.660000,-21.561825,4.684746,1.002486,-0.059235,1.338690,0.000000,-0.179384,-0.007938,0.000000
0.670000,-21.562426,4.698132,1.002486,-0.061940,1.358589,0.000000,-0.184768,-0.008424,0.000000
0.680000,-21.563055,4.711718,1.002486,-0.064726,1.378481,0.000000,-0.190230,-0.008932,0.000000
0.690000,-21.563712,4.725502,1.002486,-0.067594,1.398367,0.000000,-0.195771,-0.009463,0.000000
0.700000,-21.564397,4.739485,1.002486,-0.070545,1.418247,0.000000,-0.201391,-0.010017,0.000000
0.710000,-21.565113,4.753667,1.002486,-0.073581,1.438119,0.000000,-0.207089,-0.010596,0.000000
0.720000,-21.565859,4.768048,1.002486,-0.076702,1.457984,0.000000,-0.212866,-0.011199,0.000000
0.730000,-21.566637,4.782627,1.002486,-0.079911,1.477841,0.000000,-0.218720,-0.011827,0.000000
0.740000,-21.567447,4.797405,1.002486,-0.083207,1.497690,0.000000,-0.224654,-0.012481,0.000000
0.750000,-21.568290,4.812381,1.002486,-0.086593,1.517531,0.000000,-0.230665,-0.013162,0.000000
0.760000,-21.569168,4.827556,1.002486,-0.090069,1.537364,0.000000,-0.236754,-0.013871,0.000000
0.770000,-21.570080,4.842929,1.002486,-0.093637,1.557187,0.000000,-0.242921,-0.014607,0.000000
0.780000,-21.571029,4.858500,1.002486,-0.097298,1.577001,0.000000,-0.249166,-0.015373,0.000000
0.790000,-21.572014,4.874269,1.002486,-0.101053,1.596806,0.000000,-0.255489,-0.016168,0.000000
0.800000,-21.573037,4.890237,1.002486,-0.104903,1.616600,0.000000,-0.261889,-0.016994,0.000000
0.810000,-21.574100,4.906402,1.002486,-0.108849,1.636384,0.000000,-0.268367,-0.017851,0.000000
0.820000,-21.575201,4.922765,1.002486,-0.112892,1.656157,0.000000,-0.274922,-0.018740,0.000000
0.830000,-21.576344,4.939325,1.002486,-0.117035,1.675919,0.000000,-0.281554,-0.019662,0.000000
0.840000,-21.577529,4.956083,1.002486,-0.121277,1.695669,0.000000,-0.288264,-0.020617,0.000000
0.850000,-21.578756,4.973039,1.002486,-0.125620,1.715407,0.000000,-0.295050,-0.021607,0.000000
0.860000,-21.580027,4.990192,1.002486,-0.130065,1.735132,0.000000,-0.301913,-0.022631,0.000000
0.870000,-21.581342,5.007542,1.002486,-0.134614,1.754844,0.000000,-0.308853,-0.023692,0.000000
0.880000,-21.582704,5.025089,1.002486,-0.139267,1.774544,0.000000,-0.315869,-0.024790,0.000000
0.890000,-21.584112,5.042834,1.002486,-0.144026,1.794229,0.000000,-0.322961,-0.025925,0.000000
0.900000,-21.585569,5.060775,1.002486,-0.148891,1.813899,0.000000,-0.330130,-0.027098,0.000000
0.910000,-21.587074,5.078912,1.002486,-0.153865,1.833555,0.000000,-0.337374,-0.028311,0.000000
0.920000,-21.588630,5.097246,1.002486,-0.158948,1.853196,0.000000,-0.344694,-0.029564,0.000000
0.930000,-21.590237,5.115777,1.002486,-0.164140,1.872821,0.000000,-0.352090,-0.030858,0.000000
0.940000,-21.591896,5.134504,1.002486,-0.169445,1.892429,0.000000,-0.359562,-0.032194,0.000000
0.950000,-21.593608,5.153426,1.002486,-0.174861,1.912021,0.000000,-0.367108,-0.033573,0.000000
0.960000,-21.595375,5.172545,1.002486,-0.180392,1.931595,0.000000,-0.374729,-0.034996,0.000000
0.970000,-21.597198,5.191859,1.002486,-0.186037,1.951151,0.000000,-0.382426,-0.036463,0.000000
0.980000,-21.599077,5.211369,1.002486,-0.191798,1.970689,0.000000,-0.390196,-0.037976,0.000000
0.990000,-21.601015,5.231074,1.002486,-0.197677,1.990207,0.000000,-0.398041,-0.039535,0.000000
1.000000,-21.603011,5.250974,1.002486,-0.203673,2.009706,0.000000,-0.405961,-0.041142,0.000000
1.010000,-21.605068,5.271069,1.002486,-0.209789,2.029184,0.000000,-0.413954,-0.042797,0.000000
1.020000,-21.607187,5.291358,1.002486,-0.216026,2.048642,0.000000,-0.422020,-0.044501,0.000000
1.030000,-21.609368,5.311842,1.002486,-0.222384,2.068078,0.000000,-0.430160,-0.046256,0.000000
1.040000,-21.611614,5.332521,1.002486,-0.228865,2.087492,0.000000,-0.438373,-0.048062,0.000000
1.050000,-21.613924,5.353393,1.002486,-0.235469,2.106883,0.000000,-0.446659,-0.049919,0.000000
1.060000,-21.616301,5.374460,1.002486,-0.242199,2.126250,0.000000,-0.455018,-0.051831,0.000000
1.070000,-21.618746,5.395720,1.002486,-0.249054,2.145594,0.000000,-0.463448,-0.053796,0.000000
1.080000,-21.621260,5.417173,1.002486,-0.256037,2.164912,0.000000,-0.471951,-0.055816,0.000000
1.090000,-21.623844,5.438819,1.002486,-0.263148,2.184205,0.000000,-0.480525,-0.057893,0.000000
1.100000,-21.626499,5.460658,1.002486,-0.270389,2.203472,0.000000,-0.489171,-0.060026,0.000000
1.110000,-21.629227,5.482690,1.002486,-0.277760,2.222712,0.000000,-0.497888,-0.062218,0.000000
1.120000,-21.632030,5.504914,1.002486,-0.285263,2.241924,0.000000,-0.506675,-0.064469,0.000000
1.130000,-21.634908,5.527330,1.002486,-0.292898,2.261108,0.000000,-0.515533,-0.066781,0.000000
1.140000,-21.637863,5.549938,1.002486,-0.300667,2.280263,0.000000,-0.524460,-0.069153,0.000000
1.150000,-21.640896,5.572737,1.002486,-0.308571,2.299388,0.000000,-0.533458,-0.071588,0.000000
1.160000,-21.644008,5.595727,1.002486,-0.316611,2.318482,0.000000,-0.542525,-0.074087,0.000000
1.170000,-21.647201,5.618908,1.002486,-0.324788,2.337544,0.000000,-0.551660,-0.076650,0.000000
1.180000,-21.650477,5.642280,1.002486,-0.333102,2.356574,0.000000,-0.560865,-0.079278,0.000000
1.190000,-21.653836,5.665842,1.002486,-0.341556,2.375571,0.000000,-0.570137,-0.081974,0.000000
1.200000,-21.657280,5.689593,1.002486,-0.350151,2.394534,0.000000,-0.579477,-0.084736,0.000000
1.210000,-21.660810,5.713534,1.002486,-0.358886,2.413462,0.000000,-0.588885,-0.087568,0.000000
1.220000,-21.664428,5.737665,1.002486,-0.367764,2.432355,0.000000,-0.598359,-0.090470,0.000000
1.230000,-21.668136,5.761984,1.002486,-0.376785,2.451211,0.000000,-0.607900,-0.093443,0.000000
1.240000,-21.671934,5.786491,1.002486,-0.385950,2.470029,0.000000,-0.617507,-0.096488,0.000000
1.250000,-21.675825,5.811186,1.002486,-0.395261,2.488809,0.000000,-0.627180,-0.099606,0.000000
1.260000,-21.679809,5.836069,1.002486,-0.404718,2.507549,0.000000,-0.636917,-0.102798,0.000000
1.270000,-21.683888,5.861140,1.002486,-0.414323,2.526249,0.000000,-0.646720,-0.106067,0.000000
1.280000,-21.688063,5.886397,1.002486,-0.424076,2.544908,0.000000,-0.656586,-0.109412,0.000000
1.290000,-21.692337,5.911841,1.002486,-0.433979,2.563525,0.000000,-0.666517,-0.112835,0.000000
1.300000,-21.696710,5.937470,1.002486,-0.444032,2.582099,0.000000,-0.676510,-0.116336,0.000000
1.310000,-21.701184,5.963285,1.002486,-0.454237,2.600629,0.000000,-0.686566,-0.119919,0.000000
1.320000,-21.705761,5.989285,1.002486,-0.464594,2.619113,0.000000,-0.696684,-0.123582,0.000000
1.330000,-21.710442,6.015470,1.002486,-0.475105,2.637551,0.000000,-0.706864,-0.127328,0.000000
1.340000,-21.715228,6.041840,1.002486,-0.485770,2.655942,0.000000,-0.717104,-0.131158,0.000000
1.350000,-21.720121,6.068392,1.002486,-0.496591,2.674284,0.000000,-0.727405,-0.135073,0.000000
1.360000,-21.725124,6.095128,1.002486,-0.507568,2.692578,0.000000,-0.737766,-0.139074,0.000000
1.370000,-21.730236,6.122047,1.002486,-0.518703,2.710820,0.000000,-0.748186,-0.143162,0.000000
1.380000,-21.735461,6.149148,1.002486,-0.529995,2.729012,0.000000,-0.758665,-0.147339,0.000000
1.390000,-21.740799,6.176431,1.002486,-0.541447,2.747150,0.000000,-0.769202,-0.151605,0.000000
1.400000,-21.746252,6.203895,1.002486,-0.553060,2.765235,0.000000,-0.779796,-0.155963,0.000000
1.410000,-21.751821,6.231539,1.002486,-0.564833,2.783265,0.000000,-0.790447,-0.160413,0.000000
1.420000,-21.757509,6.259364,1.002486,-0.576769,2.801239,0.000000,-0.801154,-0.164956,0.000000
1.430000,-21.763317,6.287368,1.002486,-0.588867,2.819155,0.000000,-0.811917,-0.169594,0.000000
1.440000,-21.769246,6.315551,1.002486,-0.601130,2.837013,0.000000,-0.822734,-0.174328,0.000000
1.450000,-21.775298,6.343912,1.002486,-0.613557,2.854811,0.000000,-0.833605,-0.179159,0.000000
1.460000,-21.781476,6.372452,1.002486,-0.626150,2.872549,0.000000,-0.844529,-0.184088,0.000000
1.470000,-21.787779,6.401168,1.002486,-0.638909,2.890224,0.000000,-0.855506,-0.189117,0.000000
1.480000,-21.794211,6.430061,1.002486,-0.651836,2.907836,0.000000,-0.866535,-0.194247,0.000000
1.490000,-21.800773,6.459129,1.002486,-0.664932,2.925383,0.000000,-0.877615,-0.199480,0.000000
1.500000,-21.807466,6.488373,1.002486,-0.678196,2.942864,0.000000,-0.888745,-0.204815,0.000000
1.510000,-21.814292,6.517791,1.002486,-0.691631,2.960278,0.000000,-0.899925,-0.210256,0.000000
1.520000,-21.821254,6.547384,1.002486,-0.705236,2.977624,0.000000,-0.911153,-0.215802,0.000000
1.530000,-21.828352,6.577149,1.002486,-0.719013,2.994899,0.000000,-0.922429,-0.221456,0.000000
1.540000,-21.835588,6.607087,1.002486,-0.732963,3.012103,0.000000,-0.933752,-0.227219,0.000000
1.550000,-21.842964,6.637196,1.002486,-0.747086,3.029235,0.000000,-0.945121,-0.233091,0.000000
1.560000,-21.850482,6.667477,1.002486,-0.761383,3.046292,0.000000,-0.956536,-0.239074,0.000000
1.570000,-21.858144,6.697928,1.002486,-0.775855,3.063274,0.000000,-0.967995,-0.245170,0.000000
1.580000,-21.865951,6.728548,1.002486,-0.790503,3.080179,0.000000,-0.979497,-0.251380,0.000000
1.590000,-21.873905,6.759338,1.002486,-0.805327,3.097006,0.000000,-0.991042,-0.257705,0.000000
1.600000,-21.882008,6.790295,1.002486,-0.820329,3.113753,0.000000,-1.002629,-0.264146,0.000000
1.610000,-21.890261,6.821419,1.002486,-0.835508,3.130419,0.000000,-1.014256,-0.270705,0.000000
1.620000,-21.898667,6.852710,1.002486,-0.850866,3.147003,0.000000,-1.025923,-0.277382,0.000000
1.630000,-21.907227,6.884166,1.002486,-0.866404,3.163502,0.000000,-1.037629,-0.284181,0.000000
1.640000,-21.915943,6.915786,1.002486,-0.882122,3.179915,0.000000,-1.049372,-0.291100,0.000000
1.650000,-21.924816,6.947571,1.002486,-0.898021,3.196241,0.000000,-1.061152,-0.298143,0.000000
1.660000,-21.933850,6.979518,1.002486,-0.914101,3.212479,0.000000,-1.072968,-0.305310,0.000000
1.670000,-21.943044,7.011628,1.002486,-0.930363,3.228626,0.000000,-1.084818,-0.312602,0.000000
1.680000,-21.952402,7.043898,1.002486,-0.946808,3.244681,0.000000,-1.096702,-0.320021,0.000000
1.690000,-21.961925,7.076329,1.002486,-0.963437,3.260642,0.000000,-1.108618,-0.327569,0.000000
1.700000,-21.971615,7.108919,1.002486,-0.980250,3.276509,0.000000,-1.120566,-0.335246,0.000000
1.710000,-21.981473,7.141667,1.002486,-0.997248,3.292278,0.000000,-1.132544,-0.343053,0.000000
1.720000,-21.991502,7.174573,1.002486,-1.014432,3.307949,0.000000,-1.144550,-0.350993,0.000000
1.730000,-22.001704,7.207635,1.002486,-1.031801,3.323520,0.000000,-1.156585,-0.359067,0.000000
1.740000,-22.012080,7.240852,1.002486,-1.049357,3.338989,0.000000,-1.168646,-0.367275,0.000000
1.750000,-22.022632,7.274224,1.002486,-1.067100,3.354355,0.000000,-1.180733,-0.375619,0.000000
1.760000,-22.033362,7.307748,1.002486,-1.085031,3.369615,0.000000,-1.192844,-0.384101,0.000000
1.770000,-22.044272,7.341425,1.002486,-1.103150,3.384769,0.000000,-1.204978,-0.392721,0.000000
1.780000,-22.055363,7.375253,1.002486,-1.121458,3.399814,0.000000,-1.217133,-0.401482,0.000000
1.790000,-22.066639,7.409231,1.002486,-1.139955,3.414748,0.000000,-1.229309,-0.410384,0.000000
1.800000,-22.078100,7.443358,1.002486,-1.158642,3.429570,0.000000,-1.241504,-0.419428,0.000000
1.810000,-22.089748,7.477633,1.002486,-1.177519,3.444278,0.000000,-1.253717,-0.428617,0.000000
1.820000,-22.101586,7.512054,1.002486,-1.196587,3.458870,0.000000,-1.265946,-0.437951,0.000000
1.830000,-22.113615,7.546621,1.002486,-1.215846,3.473344,0.000000,-1.278191,-0.447432,0.000000
1.840000,-22.125838,7.581332,1.002486,-1.235297,3.487698,0.000000,-1.290448,-0.457060,0.000000
1.850000,-22.138255,7.616186,1.002486,-1.254940,3.501932,0.000000,-1.302719,-0.466838,0.000000
1.860000,-22.150870,7.651182,1.002486,-1.274776,3.516041,0.000000,-1.314999,-0.476766,0.000000
1.870000,-22.163683,7.686318,1.002486,-1.294804,3.530026,0.000000,-1.327290,-0.486846,0.000000
1.880000,-22.176697,7.721594,1.002486,-1.315026,3.543883,0.000000,-1.339588,-0.497080,0.000000
1.890000,-22.189915,7.757008,1.002486,-1.335441,3.557611,0.000000,-1.351892,-0.507467,0.000000
1.900000,-22.203337,7.792558,1.002486,-1.356050,3.571208,0.000000,-1.364202,-0.518011,0.000000
1.910000,-22.216965,7.828245,1.002486,-1.376853,3.584672,0.000000,-1.376514,-0.528712,0.000000
1.920000,-22.230803,7.864065,1.002486,-1.397851,3.598001,0.000000,-1.388829,-0.539570,0.000000
1.930000,-22.244851,7.900018,1.002486,-1.419043,3.611193,0.000000,-1.401143,-0.550589,0.000000
1.940000,-22.259111,7.936102,1.002486,-1.440431,3.624246,0.000000,-1.413456,-0.561768,0.000000
1.950000,-22.273586,7.972316,1.002486,-1.462014,3.637158,0.000000,-1.425766,-0.573109,0.000000
1.960000,-22.288277,8.008659,1.002486,-1.483792,3.649926,0.000000,-1.438071,-0.584614,0.000000
1.970000,-22.303187,8.045129,1.002486,-1.505766,3.662550,0.000000,-1.450370,-0.596283,0.000000
1.980000,-22.318317,8.081725,1.002486,-1.527936,3.675025,0.000000,-1.462660,-0.608118,0.000000
1.990000,-22.333670,8.118444,1.002486,-1.550302,3.687352,0.000000,-1.474941,-0.620121,0.000000
2.000000,-22.349246,8.155287,1.002486,-1.572864,3.699527,0.000000,-1.487210,-0.632291,0.000000
2.010000,-22.365049,8.192250,1.002486,-1.595622,3.711548,0.000000,-1.499465,-0.644631,0.000000
2.020000,-22.381081,8.229333,1.002486,-1.618577,3.723413,0.000000,-1.511706,-0.657142,0.000000
2.030000,-22.397342,8.266535,1.002486,-1.641729,3.735121,0.000000,-1.523929,-0.669825,0.000000
2.040000,-22.413835,8.303852,1.002486,-1.665077,3.746668,0.000000,-1.536134,-0.682681,0.000000
2.050000,-22.430563,8.341285,1.002486,-1.688621,3.758053,0.000000,-1.548318,-0.695712,0.000000
2.060000,-22.447526,8.378830,1.002486,-1.712362,3.769273,0.000000,-1.560479,-0.708918,0.000000
2.070000,-22.464728,8.416487,1.002486,-1.736300,3.780326,0.000000,-1.572616,-0.722301,0.000000
2.080000,-22.482170,8.454255,1.002486,-1.760434,3.791210,0.000000,-1.584726,-0.735861,0.000000
2.090000,-22.499853,8.492130,1.002486,-1.784765,3.801923,0.000000,-1.596807,-0.749601,0.000000
2.100000,-22.517781,8.530111,1.002486,-1.809292,3.812462,0.000000,-1.608859,-0.763521,0.000000
2.110000,-22.535954,8.568198,1.002486,-1.834015,3.822825,0.000000,-1.620878,-0.777622,0.000000
2.120000,-22.554375,8.606387,1.002486,-1.858935,3.833009,0.000000,-1.632862,-0.791906,0.000000
2.130000,-22.573046,8.644677,1.002486,-1.884051,3.843014,0.000000,-1.644810,-0.806374,0.000000
2.140000,-22.591969,8.683067,1.002486,-1.909362,3.852835,0.000000,-1.656719,-0.821026,0.000000
2.150000,-22.611145,8.721554,1.002486,-1.934869,3.862471,0.000000,-1.668587,-0.835864,0.000000
2.160000,-22.630577,8.760137,1.002486,-1.960572,3.871919,0.000000,-1.680413,-0.850888,0.000000
2.170000,-22.650267,8.798814,1.002486,-1.986470,3.881177,0.000000,-1.692193,-0.866101,0.000000
2.180000,-22.670216,8.837582,1.002486,-2.012563,3.890243,0.000000,-1.703926,-0.881502,0.000000
2.190000,-22.690427,8.876440,1.002486,-2.038850,3.899114,0.000000,-1.715610,-0.897094,0.000000
2.200000,-22.710901,8.915386,1.002486,-2.065332,3.907788,0.000000,-1.727242,-0.912877,0.000000
2.210000,-22.731641,8.954418,1.002486,-2.092007,3.916262,0.000000,-1.738820,-0.928851,0.000000
2.220000,-22.752648,8.993534,1.002486,-2.118877,3.924533,0.000000,-1.750342,-0.945019,0.000000
2.230000,-22.773924,9.032732,1.002486,-2.145939,3.932600,0.000000,-1.761805,-0.961381,0.000000
2.240000,-22.795471,9.072010,1.002486,-2.173194,3.940460,0.000000,-1.773207,-0.977937,0.000000
2.250000,-22.817292,9.111366,1.002486,-2.200641,3.948111,0.000000,-1.784546,-0.994690,0.000000
2.260000,-22.839387,9.150797,1.002486,-2.228281,3.955549,0.000000,-1.795819,-1.011639,0.000000
2.270000,-22.861760,9.190302,1.002486,-2.256111,3.962772,0.000000,-1.807024,-1.028787,0.000000
2.280000,-22.884411,9.229878,1.002486,-2.284132,3.969778,0.000000,-1.818159,-1.046132,0.000000
2.290000,-22.907343,9.269523,1.002486,-2.312343,3.976565,0.000000,-1.829220,-1.063678,0.000000
2.300000,-22.930558,9.309236,1.002486,-2.340744,3.983129,0.000000,-1.840206,-1.081424,0.000000
2.310000,-22.954057,9.349013,1.002486,-2.369334,3.989468,0.000000,-1.851113,-1.099371,0.000000
2.320000,-22.977843,9.388852,1.002486,-2.398112,3.995580,0.000000,-1.861940,-1.117520,0.000000
2.330000,-23.001917,9.428752,1.002486,-2.427077,4.001462,0.000000,-1.872684,-1.135872,0.000000
2.340000,-23.026282,9.468710,1.002486,-2.456229,4.007111,0.000000,-1.883342,-1.154428,0.000000
2.350000,-23.050938,9.508723,1.002486,-2.485568,4.012525,0.000000,-1.893912,-1.173188,0.000000
2.360000,-23.075888,9.548789,1.002486,-2.515091,4.017700,0.000000,-1.904390,-1.192153,0.000000
2.370000,-23.101134,9.588907,1.002486,-2.544799,4.022636,0.000000,-1.914775,-1.211324,0.000000
2.380000,-23.126678,9.629072,1.002486,-2.574691,4.027328,0.000000,-1.925063,-1.230702,0.000000
2.390000,-23.152521,9.669284,1.002486,-2.604765,4.031774,0.000000,-1.935251,-1.250287,0.000000
2.400000,-23.178665,9.709539,1.002486,-2.635021,4.035971,0.000000,-1.945338,-1.270080,0.000000
2.410000,-23.205113,9.749835,1.002486,-2.665458,4.039917,0.000000,-1.955320,-1.290082,0.000000
2.420000,-23.231865,9.790169,1.002486,-2.696075,4.043610,0.000000,-1.965194,-1.310292,0.000000
2.430000,-23.258924,9.830540,1.002486,-2.726871,4.047045,0.000000,-1.974958,-1.330713,0.000000
2.440000,-23.286291,9.870944,1.002486,-2.757844,4.050222,0.000000,-1.984609,-1.351344,0.000000
2.450000,-23.313969,9.911378,1.002486,-2.788995,4.053136,0.000000,-1.994143,-1.372185,0.000000
2.460000,-23.341958,9.951841,1.002486,-2.820320,4.055785,0.000000,-2.003558,-1.393238,0.000000
2.470000,-23.370262,9.992329,1.002486,-2.851821,4.058167,0.000000,-2.012851,-1.414503,0.000000
2.480000,-23.398880,10.032839,1.002486,-2.883494,4.060278,0.000000,-2.022019,-1.435980,0.000000
2.490000,-23.427816,10.073370,1.002486,-2.915340,4.062117,0.000000,-2.031058,-1.457670,0.000000
2.500000,-23.457071,10.113918,1.002486,-2.947357,4.063679,0.000000,-2.039967,-1.479573,0.000000
2.510000,-23.486647,10.154481,1.002486,-2.979543,4.064963,0.000000,-2.048741,-1.501690,0.000000
2.520000,-23.516544,10.195055,1.002486,-3.011897,4.065966,0.000000,-2.057379,-1.524020,0.000000
2.530000,-23.546766,10.235639,1.002486,-3.044418,4.066684,0.000000,-2.065875,-1.546564,0.000000
2.540000,-23.577313,10.276228,1.002486,-3.077104,4.067115,0.000000,-2.074229,-1.569323,0.000000
2.550000,-23.608188,10.316821,1.002486,-3.109955,4.067257,0.000000,-2.082436,-1.592297,0.000000
2.560000,-23.639392,10.357413,1.002486,-3.142968,4.067106,0.000000,-2.090493,-1.615485,0.000000
2.570000,-23.670926,10.398003,1.002486,-3.176142,4.066660,0.000000,-2.098397,-1.638889,0.000000
2.580000,-23.702792,10.438588,1.002486,-3.209475,4.065916,0.000000,-2.106144,-1.662508,0.000000
2.590000,-23.734992,10.479164,1.002486,-3.242966,4.064870,0.000000,-2.113732,-1.686343,0.000000
2.600000,-23.767527,10.519728,1.002486,-3.276614,4.063521,0.000000,-2.121158,-1.710392,0.000000
2.610000,-23.800399,10.560277,1.002486,-3.310416,4.061865,0.000000,-2.128417,-1.734658,0.000000
2.620000,-23.833609,10.600809,1.002486,-3.344371,4.059900,0.000000,-2.135507,-1.759139,0.000000
2.630000,-23.867160,10.641320,1.002486,-3.378477,4.057622,0.000000,-2.142424,-1.783836,0.000000
2.640000,-23.901051,10.681807,1.002486,-3.412732,4.055029,0.000000,-2.149165,-1.808748,0.000000
2.650000,-23.935286,10.722267,1.002486,-3.447135,4.052118,0.000000,-2.155727,-1.833876,0.000000
2.660000,-23.969865,10.762696,1.002486,-3.481683,4.048887,0.000000,-2.162105,-1.859219,0.000000
2.670000,-24.004790,10.803092,1.002486,-3.516375,4.045331,0.000000,-2.168298,-1.884777,0.000000
2.680000,-24.040062,10.843450,1.002486,-3.551209,4.041449,0.000000,-2.174300,-1.910551,0.000000
2.690000,-24.075682,10.883769,1.002486,-3.586183,4.037238,0.000000,-2.180109,-1.936539,0.000000
2.700000,-24.111653,10.924045,1.002486,-3.621294,4.032695,0.000000,-2.185721,-1.962741,0.000000
2.710000,-24.147975,10.964273,1.002486,-3.656541,4.027816,0.000000,-2.191132,-1.989158,0.000000
2.720000,-24.184650,11.004452,1.002486,-3.691922,4.022600,0.000000,-2.196340,-2.015789,0.000000
2.730000,-24.221679,11.044577,1.002486,-3.727434,4.017043,0.000000,-2.201340,-2.042634,0.000000
2.740000,-24.259063,11.084645,1.002486,-3.763075,4.011143,0.000000,-2.206128,-2.069691,0.000000
2.750000,-24.296804,11.124653,1.002486,-3.798843,4.004896,0.000000,-2.210702,-2.096962,0.000000
2.760000,-24.334903,11.164596,1.002486,-3.834736,3.998299,0.000000,-2.215058,-2.124444,0.000000
2.770000,-24.373361,11.204473,1.002486,-3.870751,3.991351,0.000000,-2.219191,-2.152138,0.000000
2.780000,-24.412179,11.244279,1.002486,-3.906887,3.984048,0.000000,-2.223099,-2.180043,0.000000
2.790000,-24.451359,11.284010,1.002486,-3.943139,3.976387,0.000000,-2.226777,-2.208158,0.000000
2.800000,-24.490901,11.323663,1.002486,-3.979507,3.968365,0.000000,-2.230221,-2.236483,0.000000
2.810000,-24.530808,11.363235,1.002486,-4.015987,3.959980,0.000000,-2.233429,-2.265017,0.000000
2.820000,-24.571079,11.402721,1.002486,-4.052578,3.951229,0.000000,-2.236396,-2.293759,0.000000
2.830000,-24.611716,11.442119,1.002486,-4.089276,3.942109,0.000000,-2.239118,-2.322708,0.000000
2.840000,-24.652721,11.481423,1.002486,-4.126078,3.932617,0.000000,-2.241592,-2.351864,0.000000
2.850000,-24.694093,11.520632,1.002486,-4.162983,3.922751,0.000000,-2.243814,-2.381226,0.000000
2.860000,-24.735835,11.559740,1.002486,-4.199987,3.912507,0.000000,-2.245779,-2.410792,0.000000
2.870000,-24.777947,11.598744,1.002486,-4.237087,3.901883,0.000000,-2.247485,-2.440562,0.000000
2.880000,-24.820430,11.637641,1.002486,-4.274282,3.890876,0.000000,-2.248926,-2.470535,0.000000
2.890000,-24.863285,11.676426,1.002486,-4.311567,3.879483,0.000000,-2.250100,-2.500709,0.000000
2.900000,-24.906513,11.715095,1.002486,-4.348940,3.867702,0.000000,-2.251003,-2.531083,0.000000
2.910000,-24.950115,11.753646,1.002486,-4.386398,3.855530,0.000000,-2.251629,-2.561657,0.000000
2.920000,-24.994091,11.792073,1.002486,-4.423938,3.842964,0.000000,-2.251977,-2.592428,0.000000
2.930000,-25.038443,11.830373,1.002486,-4.461557,3.830001,0.000000,-2.252040,-2.623396,0.000000
2.940000,-25.083171,11.868541,1.002486,-4.499252,3.816639,0.000000,-2.251817,-2.654559,0.000000
2.950000,-25.128276,11.906575,1.002486,-4.537020,3.802874,0.000000,-2.251302,-2.685916,0.000000
2.960000,-25.173758,11.944469,1.002486,-4.574857,3.788705,0.000000,-2.250491,-2.717465,0.000000
2.970000,-25.219619,11.982220,1.002486,-4.612760,3.774129,0.000000,-2.249381,-2.749205,0.000000
2.980000,-25.265859,12.019823,1.002486,-4.650726,3.759142,0.000000,-2.247967,-2.781134,0.000000
2.990000,-25.312478,12.057275,1.002486,-4.688751,3.743743,0.000000,-2.246246,-2.813251,0.000000
3.000000,-25.359478,12.094572,1.002486,-4.726833,3.727928,0.000000,-2.244213,-2.845553,0.000000
3.010000,-25.406858,12.131709,1.002486,-4.764967,3.711696,0.000000,-2.241864,-2.878040,0.000000
3.020000,-25.454619,12.168682,1.002486,-4.803151,3.695043,0.000000,-2.239196,-2.910709,0.000000
3.030000,-25.502763,12.205486,1.002486,-4.841380,3.677967,0.000000,-2.236204,-2.943559,0.000000
3.040000,-25.551288,12.242119,1.002486,-4.879651,3.660465,0.000000,-2.232883,-2.976587,0.000000
3.050000,-25.600196,12.278574,1.002486,-4.917961,3.642535,0.000000,-2.229231,-3.009792,0.000000
3.060000,-25.649486,12.314849,1.002486,-4.956306,3.624174,0.000000,-2.225243,-3.043172,0.000000
3.070000,-25.699160,12.350938,1.002486,-4.994681,3.605380,0.000000,-2.220914,-3.076723,0.000000
3.080000,-25.749218,12.386838,1.002486,-5.033083,3.586150,0.000000,-2.216241,-3.110446,0.000000
3.090000,-25.799659,12.422544,1.002486,-5.071509,3.566482,0.000000,-2.211219,-3.144336,0.000000
3.100000,-25.850485,12.458051,1.002486,-5.109955,3.546373,0.000000,-2.205844,-3.178392,0.000000
3.110000,-25.901694,12.493356,1.002486,-5.148415,3.525822,0.000000,-2.200113,-3.212611,0.000000
3.120000,-25.953288,12.528453,1.002486,-5.186888,3.504825,0.000000,-2.194020,-3.246992,0.000000
3.130000,-26.005266,12.563339,1.002486,-5.225367,3.483380,0.000000,-2.187563,-3.281531,0.000000
3.140000,-26.057629,12.598008,1.002486,-5.263850,3.461485,0.000000,-2.180736,-3.316226,0.000000
3.150000,-26.110376,12.632457,1.002486,-5.302333,3.439138,0.000000,-2.173535,-3.351074,0.000000
3.160000,-26.163508,12.666681,1.002486,-5.340810,3.416335,0.000000,-2.165957,-3.386074,0.000000
3.170000,-26.217024,12.700674,1.002486,-5.379278,3.393076,0.000000,-2.157997,-3.421221,0.000000
3.180000,-26.270924,12.734434,1.002486,-5.417733,3.369358,0.000000,-2.149650,-3.456513,0.000000
3.190000,-26.325209,12.767954,1.002486,-5.456169,3.345178,0.000000,-2.140914,-3.491948,0.000000
3.200000,-26.379877,12.801231,1.002486,-5.494584,3.320535,0.000000,-2.131783,-3.527523,0.000000
3.210000,-26.434929,12.834260,1.002486,-5.532971,3.295426,0.000000,-2.122254,-3.563233,0.000000
3.220000,-26.490364,12.867036,1.002486,-5.571328,3.269849,0.000000,-2.112322,-3.599078,0.000000
3.230000,-26.546183,12.899554,1.002486,-5.609648,3.243802,0.000000,-2.101983,-3.635052,0.000000
3.240000,-26.602384,12.931810,1.002486,-5.647928,3.217283,0.000000,-2.091234,-3.671153,0.000000
3.250000,-26.658968,12.963799,1.002486,-5.686163,3.190289,0.000000,-2.080069,-3.707378,0.000000
3.260000,-26.715933,12.995517,1.002486,-5.724349,3.162820,0.000000,-2.068485,-3.743724,0.000000
3.270000,-26.773279,13.026957,1.002486,-5.762479,3.134873,0.000000,-2.056477,-3.780187,0.000000
3.280000,-26.831007,13.058117,1.002486,-5.800551,3.106446,0.000000,-2.044042,-3.816763,0.000000
3.290000,-26.889114,13.088990,1.002486,-5.838558,3.077538,0.000000,-2.031175,-3.853448,0.000000
3.300000,-26.947601,13.119573,1.002486,-5.876496,3.048145,0.000000,-2.017872,-3.890241,0.000000
3.310000,-27.006466,13.149859,1.002486,-5.914361,3.018268,0.000000,-2.004130,-3.927135,0.000000
3.320000,-27.065709,13.179846,1.002486,-5.952146,2.987903,0.000000,-1.989943,-3.964129,0.000000
3.330000,-27.125330,13.209526,1.002486,-5.989847,2.957049,0.000000,-1.975309,-4.001218,0.000000
3.340000,-27.185327,13.238896,1.002486,-6.027458,2.925704,0.000000,-1.960222,-4.038397,0.000000
3.350000,-27.245699,13.267951,1.002486,-6.064976,2.893868,0.000000,-1.944679,-4.075664,0.000000
3.360000,-27.306445,13.296686,1.002486,-6.102393,2.861537,0.000000,-1.928676,-4.113013,0.000000
3.370000,-27.367565,13.325095,1.002486,-6.139706,2.828711,0.000000,-1.912209,-4.150441,0.000000
3.380000,-27.429057,13.353175,1.002486,-6.176909,2.795389,0.000000,-1.895274,-4.187944,0.000000
3.390000,-27.490921,13.380919,1.002486,-6.213996,2.761568,0.000000,-1.877866,-4.225517,0.000000
3.400000,-27.553154,13.408323,1.002486,-6.250962,2.727247,0.000000,-1.859982,-4.263156,0.000000
3.410000,-27.615756,13.435382,1.002486,-6.287802,2.692425,0.000000,-1.841618,-4.300856,0.000000
3.420000,-27.678726,13.462091,1.002486,-6.324509,2.657100,0.000000,-1.822771,-4.338613,0.000000
3.430000,-27.742062,13.488445,1.002486,-6.361080,2.621272,0.000000,-1.803435,-4.376423,0.000000
3.440000,-27.805762,13.514439,1.002486,-6.397507,2.584938,0.000000,-1.783607,-4.414280,0.000000
3.450000,-27.869826,13.540067,1.002486,-6.433785,2.548099,0.000000,-1.763284,-4.452179,0.000000
3.460000,-27.934251,13.565326,1.002486,-6.469909,2.510752,0.000000,-1.742462,-4.490117,0.000000
3.470000,-27.999037,13.590208,1.002486,-6.505873,2.472897,0.000000,-1.721136,-4.528088,0.000000
3.480000,-28.064181,13.614711,1.002486,-6.541671,2.434532,0.000000,-1.699303,-4.566086,0.000000
3.490000,-28.129682,13.638828,1.002486,-6.577296,2.395657,0.000000,-1.676960,-4.604107,0.000000
3.500000,-28.195539,13.662554,1.002486,-6.612744,2.356271,0.000000,-1.654102,-4.642147,0.000000
3.510000,-28.261748,13.685884,1.002486,-6.648009,2.316372,0.000000,-1.630726,-4.680198,0.000000
3.520000,-28.328309,13.708814,1.002486,-6.683083,2.275961,0.000000,-1.606828,-4.718257,0.000000
3.530000,-28.395220,13.731337,1.002486,-6.717962,2.235035,0.000000,-1.582405,-4.756317,0.000000
3.540000,-28.462478,13.753450,1.002486,-6.752639,2.193596,0.000000,-1.557453,-4.794374,0.000000
3.550000,-28.530082,13.775146,1.002486,-6.787108,2.151641,0.000000,-1.531968,-4.832421,0.000000
3.560000,-28.598029,13.796420,1.002486,-6.821363,2.109171,0.000000,-1.505948,-4.870453,0.000000
3.570000,-28.666317,13.817268,1.002486,-6.855398,2.066184,0.000000,-1.479388,-4.908465,0.000000
3.580000,-28.734945,13.837684,1.002486,-6.889206,2.022681,0.000000,-1.452285,-4.946450,0.000000
3.590000,-28.803909,13.857664,1.002486,-6.922781,1.978661,0.000000,-1.424636,-4.984402,0.000000
3.600000,-28.873207,13.877201,1.002486,-6.956117,1.934124,0.000000,-1.396438,-5.022316,0.000000
3.610000,-28.942838,13.896291,1.002486,-6.989207,1.889069,0.000000,-1.367686,-5.060186,0.000000
3.620000,-29.012798,13.914928,1.002486,-7.022045,1.843497,0.000000,-1.338379,-5.098005,0.000000
3.630000,-29.083084,13.933108,1.002486,-7.054625,1.797407,0.000000,-1.308512,-5.135767,0.000000
3.640000,-29.153695,13.950826,1.002486,-7.086939,1.750799,0.000000,-1.278083,-5.173465,0.000000
3.650000,-29.224628,13.968075,1.002486,-7.118982,1.703673,0.000000,-1.247088,-5.211095,0.000000
3.660000,-29.295880,13.984851,1.002486,-7.150746,1.656029,0.000000,-1.215525,-5.248648,0.000000
3.670000,-29.367447,14.001148,1.002486,-7.182225,1.607867,0.000000,-1.183390,-5.286118,0.000000
3.680000,-29.439328,14.016963,1.002486,-7.213413,1.559189,0.000000,-1.150681,-5.323499,0.000000
3.690000,-29.511519,14.032288,1.002486,-7.244303,1.509993,0.000000,-1.117395,-5.360784,0.000000
3.700000,-29.584017,14.047120,1.002486,-7.274887,1.460280,0.000000,-1.083528,-5.397966,0.000000
3.710000,-29.656819,14.061453,1.002486,-7.305160,1.410051,0.000000,-1.049078,-5.435039,0.000000
3.720000,-29.729923,14.075281,1.002486,-7.335113,1.359307,0.000000,-1.014043,-5.471994,0.000000
3.730000,-29.803324,14.088601,1.002486,-7.364741,1.308047,0.000000,-0.978419,-5.508826,0.000000
3.740000,-29.877020,14.101406,1.002486,-7.394037,1.256272,0.000000,-0.942204,-5.545528,0.000000
3.750000,-29.951006,14.113691,1.002486,-7.422993,1.203984,0.000000,-0.905396,-5.582091,0.000000
3.760000,-30.025281,14.125452,1.002486,-7.451602,1.151184,0.000000,-0.867992,-5.618508,0.000000
3.770000,-30.099840,14.136682,1.002486,-7.479858,1.097871,0.000000,-0.829990,-5.654773,0.000000
3.780000,-30.174679,14.147378,1.002486,-7.507754,1.044047,0.000000,-0.791388,-5.690877,0.000000
3.790000,-30.249795,14.157534,1.002486,-7.535282,0.989713,0.000000,-0.752182,-5.726814,0.000000
3.800000,-30.325185,14.167145,1.002486,-7.562435,0.934871,0.000000,-0.712371,-5.762575,0.000000
3.810000,-30.400844,14.176205,1.002486,-7.589206,0.879521,0.000000,-0.671954,-5.798153,0.000000
3.820000,-30.476769,14.184710,1.002486,-7.615588,0.823665,0.000000,-0.630927,-5.833540,0.000000
3.830000,-30.552956,14.192655,1.002486,-7.641573,0.767304,0.000000,-0.589289,-5.868728,0.000000
3.840000,-30.629400,14.200035,1.002486,-7.667156,0.710440,0.000000,-0.547039,-5.903710,0.000000
3.850000,-30.706099,14.206844,1.002486,-7.692327,0.653074,0.000000,-0.504173,-5.938476,0.000000
3.860000,-30.783046,14.213078,1.002486,-7.717080,0.595209,0.000000,-0.460691,-5.973020,0.000000
3.870000,-30.860239,14.218731,1.002486,-7.741408,0.536845,0.000000,-0.416592,-6.007333,0.000000
3.880000,-30.937673,14.223799,1.002486,-7.765303,0.477985,0.000000,-0.371872,-6.041406,0.000000
3.890000,-31.015344,14.228277,1.002486,-7.788758,0.418630,0.000000,-0.326531,-6.075231,0.000000
3.900000,-31.093247,14.232159,1.002486,-7.811765,0.358783,0.000000,-0.280569,-6.108800,0.000000
3.910000,-31.171378,14.235442,1.002486,-7.834317,0.298446,0.000000,-0.233982,-6.142105,0.000000
3.920000,-31.249732,14.238119,1.002486,-7.856407,0.237621,0.000000,-0.186770,-6.175136,0.000000
3.930000,-31.328305,14.240187,1.002486,-7.878027,0.176311,0.000000,-0.138933,-6.207886,0.000000
3.940000,-31.407091,14.241639,1.002486,-7.899170,0.114517,0.000000,-0.090468,-6.240344,0.000000
3.950000,-31.486087,14.242472,1.002486,-7.919828,0.052243,0.000000,-0.041376,-6.272504,0.000000
3.960000,-31.565286,14.242681,1.002486,-7.939993,-0.010510,0.000000,0.008345,-6.304354,0.000000
3.970000,-31.644685,14.242261,1.002486,-7.959658,-0.073738,0.000000,0.058695,-6.335888,0.000000
3.980000,-31.724278,14.241207,1.002486,-7.978816,-0.137438,0.000000,0.109676,-6.367095,0.000000
3.990000,-31.804060,14.239514,1.002486,-7.997459,-0.201608,0.000000,0.161286,-6.397967,0.000000
4.000000,-31.884025,14.237178,1.002486,-8.015579,-0.266245,0.000000,0.213528,-6.428495,0.000000
4.010000,-31.964170,14.234194,1.002486,-8.033169,-0.331344,0.000000,0.266401,-6.458668,0.000000
4.020000,-32.044487,14.230558,1.002486,-8.050222,-0.396905,0.000000,0.319905,-6.488479,0.000000
4.030000,-32.124972,14.226264,1.002486,-8.066728,-0.462922,0.000000,0.374041,-6.517916,0.000000
4.040000,-32.205620,14.221309,1.002486,-8.082682,-0.529392,0.000000,0.428808,-6.546972,0.000000
4.050000,-32.286425,14.215688,1.002486,-8.098075,-0.596313,0.000000,0.484206,-6.575637,0.000000
4.060000,-32.367380,14.209396,1.002486,-8.112899,-0.663679,0.000000,0.540235,-6.603900,0.000000
4.070000,-32.448481,14.202429,1.002486,-8.127147,-0.731488,0.000000,0.596894,-6.631752,0.000000
4.080000,-32.529722,14.194783,1.002486,-8.140812,-0.799736,0.000000,0.654184,-6.659184,0.000000
4.090000,-32.611097,14.186453,1.002486,-8.153886,-0.868419,0.000000,0.712103,-6.686186,0.000000
4.100000,-32.692599,14.177434,1.002486,-8.166360,-0.937532,0.000000,0.770651,-6.712748,0.000000
4.110000,-32.774223,14.167724,1.002486,-8.178228,-1.007071,0.000000,0.829826,-6.738860,0.000000
4.120000,-32.855963,14.157316,1.002486,-8.189481,-1.077032,0.000000,0.889629,-6.764511,0.000000
4.130000,-32.937812,14.146208,1.002486,-8.200113,-1.147412,0.000000,0.950057,-6.789693,0.000000
4.140000,-33.019765,14.134394,1.002486,-8.210114,-1.218204,0.000000,1.011109,-6.814395,0.000000
4.150000,-33.101815,14.121871,1.002486,-8.219479,-1.289405,0.000000,1.072785,-6.838607,0.000000
4.160000,-33.183955,14.108636,1.002486,-8.228199,-1.361009,0.000000,1.135082,-6.862318,0.000000
4.170000,-33.266179,14.094683,1.002486,-8.236266,-1.433012,0.000000,1.197998,-6.885518,0.000000
4.180000,-33.348481,14.080008,1.002486,-8.243673,-1.505409,0.000000,1.261533,-6.908198,0.000000
4.190000,-33.430854,14.064609,1.002486,-8.250412,-1.578195,0.000000,1.325684,-6.930346,0.000000
4.200000,-33.513290,14.048481,1.002486,-8.256476,-1.651365,0.000000,1.390449,-6.951953,0.000000
4.210000,-33.595785,14.031620,1.002486,-8.261857,-1.724912,0.000000,1.455826,-6.973007,0.000000
4.220000,-33.678330,14.014022,1.002486,-8.266547,-1.798833,0.000000,1.521813,-6.993499,0.000000
4.230000,-33.760918,13.995684,1.002486,-8.270539,-1.873120,0.000000,1.588406,-7.013417,0.000000
4.240000,-33.843543,13.976603,1.002486,-8.273826,-1.947769,0.000000,1.655604,-7.032752,0.000000
4.250000,-33.926197,13.956774,1.002486,-8.276399,-2.022774,0.000000,1.723403,-7.051492,0.000000
4.260000,-34.008874,13.936194,1.002486,-8.278252,-2.098128,0.000000,1.791802,-7.069627,0.000000
4.270000,-34.091566,13.914859,1.002486,-8.279377,-2.173826,0.000000,1.860795,-7.087147,0.000000
4.280000,-34.174266,13.892767,1.002486,-8.279766,-2.249862,0.000000,1.930381,-7.104039,0.000000
4.290000,-34.256966,13.869913,1.002486,-8.279412,-2.326228,0.000000,2.000556,-7.120294,0.000000
4.300000,-34.339659,13.846295,1.002486,-8.278308,-2.402919,0.000000,2.071317,-7.135901,0.000000
4.310000,-34.422338,13.821909,1.002486,-8.276446,-2.479929,0.000000,2.142658,-7.150849,0.000000
4.320000,-34.504994,13.796753,1.002486,-8.273819,-2.557250,0.000000,2.214578,-7.165127,0.000000
4.330000,-34.587620,13.770823,1.002486,-8.270419,-2.634875,0.000000,2.287072,-7.178724,0.000000
4.340000,-34.670209,13.744115,1.002486,-8.266240,-2.712799,0.000000,2.360135,-7.191629,0.000000
4.350000,-34.752752,13.716628,1.002486,-8.261274,-2.791013,0.000000,2.433763,-7.203831,0.000000
4.360000,-34.835242,13.688358,1.002486,-8.255514,-2.869511,0.000000,2.507952,-7.215319,0.000000
4.370000,-34.917671,13.659302,1.002486,-8.248953,-2.948284,0.000000,2.582697,-7.226082,0.000000
4.380000,-35.000030,13.629459,1.002486,-8.241583,-3.027327,0.000000,2.657993,-7.236110,0.000000
4.390000,-35.082312,13.598824,1.002486,-8.233398,-3.106631,0.000000,2.733835,-7.245390,0.000000
4.400000,-35.164509,13.567396,1.002486,-8.224391,-3.186189,0.000000,2.810219,-7.253913,0.000000
4.410000,-35.246611,13.535172,1.002486,-8.214554,-3.265992,0.000000,2.887137,-7.261666,0.000000
4.420000,-35.328611,13.502149,1.002486,-8.203881,-3.346033,0.000000,2.964586,-7.268638,0.000000
4.430000,-35.410500,13.468326,1.002486,-8.192365,-3.426304,0.000000,3.042558,-7.274820,0.000000
4.440000,-35.492271,13.433699,1.002486,-8.179998,-3.506797,0.000000,3.121049,-7.280199,0.000000
4.450000,-35.573914,13.398268,1.002486,-8.166776,-3.587503,0.000000,3.200053,-7.284764,0.000000
4.460000,-35.655420,13.362029,1.002486,-8.152689,-3.668414,0.000000,3.279562,-7.288504,0.000000
4.470000,-35.736782,13.324981,1.002486,-8.137733,-3.749521,0.000000,3.359570,-7.291409,0.000000
4.480000,-35.817991,13.287122,1.002486,-8.121900,-3.830815,0.000000,3.440072,-7.293466,0.000000
4.490000,-35.899036,13.248449,1.002486,-8.105184,-3.912288,0.000000,3.521059,-7.294665,0.000000
4.500000,-35.979911,13.208962,1.002486,-8.087578,-3.993931,0.000000,3.602526,-7.294995,0.000000
4.510000,-36.060606,13.168659,1.002486,-8.069076,-4.075735,0.000000,3.684464,-7.294445,0.000000
4.520000,-36.141111,13.127537,1.002486,-8.049672,-4.157690,0.000000,3.766867,-7.293003,0.000000
4.530000,-36.221418,13.085596,1.002486,-8.029359,-4.239787,0.000000,3.849727,-7.290658,0.000000
4.540000,-36.301518,13.042835,1.002486,-8.008132,-4.322017,0.000000,3.933035,-7.287400,0.000000
4.550000,-36.381402,12.999251,1.002486,-7.985983,-4.404369,0.000000,4.016785,-7.283217,0.000000
4.560000,-36.461060,12.954843,1.002486,-7.962908,-4.486835,0.000000,4.100968,-7.278098,0.000000
4.570000,-36.540483,12.909612,1.002486,-7.938900,-4.569405,0.000000,4.185575,-7.272033,0.000000
4.580000,-36.619661,12.863555,1.002486,-7.913954,-4.652068,0.000000,4.270598,-7.265010,0.000000
4.590000,-36.698586,12.816671,1.002486,-7.888063,-4.734814,0.000000,4.356029,-7.257018,0.000000
4.600000,-36.777248,12.768961,1.002486,-7.861222,-4.817633,0.000000,4.441858,-7.248047,0.000000
4.610000,-36.855637,12.720423,1.002486,-7.833425,-4.900515,0.000000,4.528076,-7.238085,0.000000
4.620000,-36.933744,12.671057,1.002486,-7.804668,-4.983449,0.000000,4.614674,-7.227122,0.000000
4.630000,-37.011559,12.620862,1.002486,-7.774943,-5.066424,0.000000,4.701642,-7.215147,0.000000
4.640000,-37.089072,12.569837,1.002486,-7.744247,-5.149431,0.000000,4.788971,-7.202150,0.000000
4.650000,-37.166274,12.517984,1.002486,-7.712574,-5.232457,0.000000,4.876650,-7.188119,0.000000
4.660000,-37.243155,12.465300,1.002486,-7.679918,-5.315492,0.000000,4.964670,-7.173044,0.000000
4.670000,-37.319704,12.411788,1.002486,-7.646275,-5.398525,0.000000,5.053019,-7.156914,0.000000
4.680000,-37.395913,12.357445,1.002486,-7.611641,-5.481544,0.000000,5.141688,-7.139719,0.000000
4.690000,-37.471772,12.302274,1.002486,-7.576009,-5.564539,0.000000,5.230666,-7.121448,0.000000
4.700000,-37.547269,12.246273,1.002486,-7.539375,-5.647497,0.000000,5.319942,-7.102092,0.000000
4.710000,-37.622396,12.189444,1.002486,-7.501736,-5.730407,0.000000,5.409504,-7.081639,0.000000
4.720000,-37.697141,12.131787,1.002486,-7.463085,-5.813257,0.000000,5.499341,-7.060079,0.000000
4.730000,-37.771496,12.073302,1.002486,-7.423420,-5.896035,0.000000,5.589442,-7.037402,0.000000
4.740000,-37.845450,12.013991,1.002486,-7.382736,-5.978730,0.000000,5.679794,-7.013599,0.000000
4.750000,-37.918992,11.953853,1.002486,-7.341028,-6.061329,0.000000,5.770385,-6.988658,0.000000
4.760000,-37.992113,11.892892,1.002486,-7.298292,-6.143820,0.000000,5.861205,-6.962571,0.000000
4.770000,-38.064801,11.831106,1.002486,-7.254526,-6.226191,0.000000,5.952238,-6.935327,0.000000
4.780000,-38.137048,11.768499,1.002486,-7.209725,-6.308429,0.000000,6.043475,-6.906916,0.000000
4.790000,-38.208842,11.705070,1.002486,-7.163885,-6.390521,0.000000,6.134900,-6.877329,0.000000
4.800000,-38.280173,11.640822,1.002486,-7.117003,-6.472455,0.000000,6.226501,-6.846557,0.000000
4.810000,-38.351031,11.575756,1.002486,-7.069076,-6.554218,0.000000,6.318266,-6.814589,0.000000
4.820000,-38.421404,11.509874,1.002486,-7.020100,-6.635797,0.000000,6.410180,-6.781416,0.000000
4.830000,-38.491284,11.443178,1.002486,-6.970072,-6.717179,0.000000,6.502229,-6.747030,0.000000
4.840000,-38.560658,11.375670,1.002486,-6.918991,-6.798350,0.000000,6.594400,-6.711421,0.000000
4.850000,-38.629517,11.307352,1.002486,-6.866851,-6.879299,0.000000,6.686678,-6.674580,0.000000
4.860000,-38.697851,11.238226,1.002486,-6.813652,-6.960010,0.000000,6.779050,-6.636497,0.000000
4.870000,-38.765647,11.168295,1.002486,-6.759391,-7.040471,0.000000,6.871500,-6.597166,0.000000
4.880000,-38.832896,11.097562,1.002486,-6.704065,-7.120668,0.000000,6.964013,-6.556575,0.000000
4.890000,-38.899588,11.026029,1.002486,-6.647672,-7.200587,0.000000,7.056576,-6.514719,0.000000
4.900000,-38.965710,10.953698,1.002486,-6.590210,-7.280215,0.000000,7.149171,-6.471586,0.000000
4.910000,-39.031254,10.880574,1.002486,-6.531678,-7.359537,0.000000,7.241785,-6.427171,0.000000
4.920000,-39.096208,10.806658,1.002486,-6.472073,-7.438540,0.000000,7.334400,-6.381464,0.000000
4.930000,-39.160561,10.731955,1.002486,-6.411394,-7.517209,0.000000,7.427002,-6.334457,0.000000
4.940000,-39.224302,10.656467,1.002486,-6.349640,-7.595530,0.000000,7.519575,-6.286143,0.000000
4.950000,-39.287422,10.580199,1.002486,-6.286809,-7.673489,0.000000,7.612101,-6.236514,0.000000
4.960000,-39.349908,10.503153,1.002486,-6.222901,-7.751071,0.000000,7.704565,-6.185563,0.000000
4.970000,-39.411751,10.425335,1.002486,-6.157914,-7.828262,0.000000,7.796949,-6.133283,0.000000
4.980000,-39.472939,10.346747,1.002486,-6.091849,-7.905048,0.000000,7.889238,-6.079665,0.000000
4.990000,-39.533462,10.267394,1.002486,-6.024704,-7.981413,0.000000,7.981413,-6.024704,0.000000
5.000000,-39.593309,10.187280,1.002486,-5.956479,-8.057342,0.000000,8.073457,-5.968392,0.000000
5.010000,-39.652469,10.106409,1.002486,-5.887174,-8.132821,0.000000,8.165353,-5.910723,0.000000
5.020000,-39.710932,10.024787,1.002486,-5.816789,-8.207835,0.000000,8.257082,-5.851690,0.000000
5.030000,-39.768686,9.942417,1.002486,-5.745325,-8.282369,0.000000,8.348628,-5.791288,0.000000
5.040000,-39.825721,9.859305,1.002486,-5.672781,-8.356408,0.000000,8.439972,-5.729509,0.000000
5.050000,-39.882025,9.775456,1.002486,-5.599159,-8.429936,0.000000,8.531095,-5.666349,0.000000
5.060000,-39.937590,9.690875,1.002486,-5.524460,-8.502938,0.000000,8.621979,-5.601802,0.000000
5.070000,-39.992402,9.605567,1.002486,-5.448683,-8.575398,0.000000,8.712605,-5.535862,0.000000
5.080000,-40.046452,9.519538,1.002486,-5.371831,-8.647302,0.000000,8.802953,-5.468524,0.000000
5.090000,-40.099730,9.432793,1.002486,-5.293905,-8.718634,0.000000,8.893006,-5.399783,0.000000
5.100000,-40.152223,9.345338,1.002486,-5.214906,-8.789377,0.000000,8.982744,-5.329634,0.000000
5.110000,-40.203922,9.257179,1.002486,-5.134837,-8.859517,0.000000,9.072146,-5.258073,0.000000
5.120000,-40.254816,9.168323,1.002486,-5.053699,-8.929038,0.000000,9.161193,-5.185095,0.000000
5.130000,-40.304894,9.078775,1.002486,-4.971495,-8.997924,0.000000,9.249866,-5.110697,0.000000
5.140000,-40.354146,8.988541,1.002486,-4.888227,-9.066159,0.000000,9.338144,-5.034874,0.000000
5.150000,-40.402560,8.897630,1.002486,-4.803898,-9.133727,0.000000,9.426006,-4.957622,0.000000
5.160000,-40.450127,8.806046,1.002486,-4.718510,-9.200612,0.000000,9.513433,-4.878940,0.000000
5.170000,-40.496836,8.713798,1.002486,-4.632068,-9.266798,0.000000,9.600403,-4.798822,0.000000
5.180000,-40.542675,8.620891,1.002486,-4.544573,-9.332270,0.000000,9.686896,-4.717267,0.000000
5.190000,-40.587636,8.527335,1.002486,-4.456030,-9.397010,0.000000,9.772890,-4.634272,0.000000
5.200000,-40.631707,8.433134,1.002486,-4.366443,-9.461003,0.000000,9.858365,-4.549834,0.000000
5.210000,-40.674878,8.338299,1.002486,-4.275815,-9.524232,0.000000,9.943299,-4.463951,0.000000
5.220000,-40.717138,8.242835,1.002486,-4.184152,-9.586682,0.000000,10.027670,-4.376623,0.000000
5.230000,-40.758477,8.146751,1.002486,-4.091456,-9.648336,0.000000,10.111456,-4.287846,0.000000
5.240000,-40.798885,8.050055,1.002486,-3.997733,-9.709178,0.000000,10.194636,-4.197620,0.000000
5.250000,-40.838352,7.952755,1.002486,-3.902989,-9.769190,0.000000,10.277188,-4.105944,0.000000
5.260000,-40.876868,7.854860,1.002486,-3.807227,-9.828358,0.000000,10.359089,-4.012817,0.000000
5.270000,-40.914421,7.756377,1.002486,-3.710454,-9.886664,0.000000,10.440318,-3.918239,0.000000
5.280000,-40.951003,7.657317,1.002486,-3.612675,-9.944093,0.000000,10.520850,-3.822210,0.000000
5.290000,-40.986603,7.557686,1.002486,-3.513896,-10.000627,0.000000,10.600664,-3.724730,0.000000
5.300000,-41.021211,7.457496,1.002486,-3.414124,-10.056250,0.000000,10.679737,-3.625799,0.000000
5.310000,-41.054818,7.356754,1.002486,-3.313364,-10.110946,0.000000,10.758046,-3.525419,0.000000
5.320000,-41.087413,7.255470,1.002486,-3.211624,-10.164697,0.000000,10.835567,-3.423591,0.000000
5.330000,-41.118987,7.153654,1.002486,-3.108909,-10.217489,0.000000,10.912278,-3.320315,0.000000
5.340000,-41.149530,7.051315,1.002486,-3.005229,-10.269304,0.000000,10.988155,-3.215595,0.000000
5.350000,-41.179032,6.948463,1.002486,-2.900589,-10.320125,0.000000,11.063174,-3.109431,0.000000
5.360000,-41.207484,6.845108,1.002486,-2.794997,-10.369937,0.000000,11.137312,-3.001827,0.000000
5.370000,-41.234877,6.741261,1.002486,-2.688462,-10.418722,0.000000,11.210545,-2.892785,0.000000
5.380000,-41.261200,6.636931,1.002486,-2.580992,-10.466465,0.000000,11.282849,-2.782309,0.000000
5.390000,-41.286446,6.532129,1.002486,-2.472594,-10.513148,0.000000,11.354200,-2.670402,0.000000
5.400000,-41.310603,6.426866,1.002486,-2.363279,-10.558755,0.000000,11.424573,-2.557068,0.000000
5.410000,-41.333665,6.321153,1.002486,-2.253054,-10.603271,0.000000,11.493945,-2.442310,0.000000
5.420000,-41.355620,6.215000,1.002486,-2.141929,-10.646677,0.000000,11.562292,-2.326135,0.000000
5.430000,-41.376461,6.108419,1.002486,-2.029913,-10.688959,0.000000,11.629588,-2.208546,0.000000
5.440000,-41.396178,6.001421,1.002486,-1.917017,-10.730100,0.000000,11.695809,-2.089549,0.000000
5.450000,-41.414763,5.894018,1.002486,-1.803250,-10.770083,0.000000,11.760931,-1.969149,0.000000
5.460000,-41.432207,5.786221,1.002486,-1.688623,-10.808892,0.000000,11.824928,-1.847353,0.000000
5.470000,-41.448502,5.678042,1.002486,-1.573145,-10.846512,0.000000,11.887777,-1.724167,0.000000
5.480000,-41.463639,5.569492,1.002486,-1.456829,-10.882925,0.000000,11.949451,-1.599598,0.000000
5.490000,-41.477609,5.460585,1.002486,-1.339685,-10.918115,0.000000,12.009927,-1.473654,0.000000
5.500000,-41.490405,5.351333,1.002486,-1.221724,-10.952068,0.000000,12.069179,-1.346340,0.000000
5.510000,-41.502019,5.241747,1.002486,-1.102959,-10.984766,0.000000,12.127182,-1.217667,0.000000
5.520000,-41.512442,5.131841,1.002486,-0.983401,-11.016194,0.000000,12.183910,-1.087641,0.000000
5.530000,-41.521666,5.021627,1.002486,-0.863062,-11.046335,0.000000,12.239340,-0.956273,0.000000
5.540000,-41.529685,4.911118,1.002486,-0.741955,-11.075175,0.000000,12.293444,-0.823570,0.000000
5.550000,-41.536490,4.800327,1.002486,-0.620092,-11.102697,0.000000,12.346199,-0.689543,0.000000
5.560000,-41.542073,4.689268,1.002486,-0.497488,-11.128886,0.000000,12.397579,-0.554201,0.000000
5.570000,-41.546428,4.577954,1.002486,-0.374154,-11.153726,0.000000,12.447558,-0.417556,0.000000
5.580000,-41.549547,4.466398,1.002486,-0.250105,-11.177202,0.000000,12.496112,-0.279618,0.000000
5.590000,-41.551423,4.354614,1.002486,-0.125355,-11.199298,0.000000,12.543214,-0.140398,0.000000
5.600000,-41.552050,4.242616,1.002486,0.000082,-11.220000,0.000000,12.588840,0.000092,0.000000
5.610000,-41.551419,4.130419,1.002486,0.126193,-11.239292,0.000000,12.632964,0.141841,0.000000
5.620000,-41.549526,4.018035,1.002486,0.252961,-11.257158,0.000000,12.675560,0.284834,0.000000
5.630000,-41.546362,3.905480,1.002486,0.380372,-11.273585,0.000000,12.716604,0.429060,0.000000
5.640000,-41.541923,3.792768,1.002486,0.508411,-11.288557,0.000000,12.756069,0.574505,0.000000
5.650000,-41.536201,3.679914,1.002486,0.637062,-11.302060,0.000000,12.793931,0.721155,0.000000
5.660000,-41.529191,3.566932,1.002486,0.766310,-11.314078,0.000000,12.830165,0.868995,0.000000
5.670000,-41.520887,3.453837,1.002486,0.896137,-11.324599,0.000000,12.864744,1.018012,0.000000
5.680000,-41.511282,3.340644,1.002486,1.026528,-11.333607,0.000000,12.897644,1.168189,0.000000
5.690000,-41.500372,3.227369,1.002486,1.157466,-11.341088,0.000000,12.928840,1.319511,0.000000
5.700000,-41.488151,3.114027,1.002486,1.288934,-11.347028,0.000000,12.958306,1.471962,0.000000
5.710000,-41.474614,3.000632,1.002486,1.420914,-11.351414,0.000000,12.986018,1.625525,0.000000
5.720000,-41.459756,2.887202,1.002486,1.553389,-11.354232,0.000000,13.011950,1.780184,0.000000
5.730000,-41.443572,2.773751,1.002486,1.686342,-11.355468,0.000000,13.036077,1.935920,0.000000
5.740000,-41.426057,2.660296,1.002486,1.819753,-11.355109,0.000000,13.058375,2.092716,0.000000
5.750000,-41.407207,2.546852,1.002486,1.953605,-11.353142,0.000000,13.078819,2.250554,0.000000
5.760000,-41.387018,2.433435,1.002486,2.087880,-11.349553,0.000000,13.097384,2.409413,0.000000
5.770000,-41.365485,2.320063,1.002486,2.222557,-11.344331,0.000000,13.114046,2.569276,0.000000
5.780000,-41.342604,2.206751,1.002486,2.357618,-11.337462,0.000000,13.128781,2.730121,0.000000
5.790000,-41.318372,2.093515,1.002486,2.493043,-11.328934,0.000000,13.141563,2.891930,0.000000
5.800000,-41.292785,1.980373,1.002486,2.628812,-11.318734,0.000000,13.152369,3.054680,0.000000
5.810000,-41.265840,1.867341,1.002486,2.764906,-11.306852,0.000000,13.161175,3.218351,0.000000
5.820000,-41.237533,1.754436,1.002486,2.901304,-11.293274,0.000000,13.167957,3.382921,0.000000
5.830000,-41.207862,1.641675,1.002486,3.037986,-11.277989,0.000000,13.172691,3.548367,0.000000
5.840000,-41.176825,1.529075,1.002486,3.174930,-11.260987,0.000000,13.175354,3.714668,0.000000
5.850000,-41.144417,1.416653,1.002486,3.312115,-11.242255,0.000000,13.175923,3.881799,0.000000
5.860000,-41.110638,1.304427,1.002486,3.449520,-11.221783,0.000000,13.174373,4.049737,0.000000
5.870000,-41.075485,1.192415,1.002486,3.587124,-11.199560,0.000000,13.170682,4.218458,0.000000
5.880000,-41.038956,1.080632,1.002486,3.724904,-11.175576,0.000000,13.164828,4.387937,0.000000
5.890000,-41.001050,0.969099,1.002486,3.862838,-11.149820,0.000000,13.156788,4.558148,0.000000
5.900000,-40.961764,0.857831,1.002486,4.000903,-11.122283,0.000000,13.146538,4.729068,0.000000
5.910000,-40.921099,0.746847,1.002486,4.139078,-11.092954,0.000000,13.134058,4.900668,0.000000
5.920000,-40.879052,0.636165,1.002486,4.277338,-11.061825,0.000000,13.119325,5.072923,0.000000
5.930000,-40.835624,0.525803,1.002486,4.415661,-11.028886,0.000000,13.102317,5.245806,0.000000
5.940000,-40.790813,0.415779,1.002486,4.554024,-10.994129,0.000000,13.083013,5.419288,0.000000
5.950000,-40.744620,0.306112,1.002486,4.692401,-10.957544,0.000000,13.061392,5.593343,0.000000
5.960000,-40.697044,0.196818,1.002486,4.830771,-10.919123,0.000000,13.037433,5.767940,0.000000
5.970000,-40.648086,0.087918,1.002486,4.969107,-10.878859,0.000000,13.011115,5.943052,0.000000
5.980000,-40.597745,-0.020571,1.002486,5.107386,-10.836743,0.000000,12.982418,6.118649,0.000000
5.990000,-40.546023,-0.128630,1.002486,5.245584,-10.792769,0.000000,12.951322,6.294700,0.000000
6.000000,-40.492921,-0.236240,1.002486,5.383674,-10.746928,0.000000,12.917807,6.471176,0.000000
6.010000,-40.438440,-0.343383,1.002486,5.521632,-10.699214,0.000000,12.881854,6.648045,0.000000
6.020000,-40.382581,-0.450040,1.002486,5.659433,-10.649621,0.000000,12.843443,6.825276,0.000000
6.030000,-40.325346,-0.556193,1.002486,5.797050,-10.598142,0.000000,12.802555,7.002837,0.000000
6.040000,-40.266737,-0.661821,1.002486,5.934459,-10.544771,0.000000,12.759173,7.180695,0.000000
6.050000,-40.206755,-0.766908,1.002486,6.071632,-10.489504,0.000000,12.713278,7.358818,0.000000
6.060000,-40.145405,-0.871432,1.002486,6.208544,-10.432333,0.000000,12.664853,7.537172,0.000000
6.070000,-40.082688,-0.975376,1.002486,6.345168,-10.373256,0.000000,12.613879,7.715724,0.000000
6.080000,-40.018607,-1.078720,1.002486,6.481478,-10.312267,0.000000,12.560341,7.894440,0.000000
6.090000,-39.953166,-1.181446,1.002486,6.617445,-10.249362,0.000000,12.504221,8.073283,0.000000
6.100000,-39.886368,-1.283533,1.002486,6.753044,-10.184537,0.000000,12.445504,8.252220,0.000000
6.110000,-39.818217,-1.384963,1.002486,6.888247,-10.117789,0.000000,12.384173,8.431215,0.000000
6.120000,-39.748717,-1.485717,1.002486,7.023027,-10.049114,0.000000,12.320214,8.610231,0.000000
6.130000,-39.677872,-1.585775,1.002486,7.157355,-9.978510,0.000000,12.253611,8.789232,0.000000
6.140000,-39.605688,-1.685118,1.002486,7.291204,-9.905975,0.000000,12.184349,8.968181,0.000000
6.150000,-39.532168,-1.783727,1.002486,7.424546,-9.831506,0.000000,12.112416,9.147040,0.000000
6.160000,-39.457319,-1.881582,1.002486,7.557352,-9.755103,0.000000,12.037797,9.325772,0.000000
6.170000,-39.381146,-1.978665,1.002486,7.689594,-9.676763,0.000000,11.960479,9.504338,0.000000
6.180000,-39.303654,-2.074955,1.002486,7.821244,-9.596486,0.000000,11.880450,9.682700,0.000000
6.190000,-39.224849,-2.170433,1.002486,7.952272,-9.514272,0.000000,11.797697,9.860818,0.000000
6.200000,-39.144739,-2.265080,1.002486,8.082650,-9.430120,0.000000,11.712209,10.038652,0.000000
6.210000,-39.063329,-2.358877,1.002486,8.212349,-9.344031,0.000000,11.623975,10.216162,0.000000
6.220000,-38.980626,-2.451804,1.002486,8.341340,-9.256006,0.000000,11.532984,10.393309,0.000000
6.230000,-38.896638,-2.543842,1.002486,8.469592,-9.166047,0.000000,11.439226,10.570051,0.000000
6.240000,-38.811373,-2.634972,1.002486,8.597077,-9.074154,0.000000,11.342692,10.746346,0.000000
6.250000,-38.724837,-2.725174,1.002486,8.723765,-8.980330,0.000000,11.243373,10.922154,0.000000
6.260000,-38.637039,-2.814428,1.002486,8.849626,-8.884577,0.000000,11.141260,11.097431,0.000000
6.270000,-38.547988,-2.902717,1.002486,8.974631,-8.786899,0.000000,11.036345,11.272137,0.000000
6.280000,-38.457693,-2.990020,1.002486,9.098749,-8.687299,0.000000,10.928622,11.446226,0.000000
6.290000,-38.366161,-3.076318,1.002486,9.221951,-8.585781,0.000000,10.818084,11.619658,0.000000
6.300000,-38.273403,-3.161593,1.002486,9.344205,-8.482348,0.000000,10.704724,11.792387,0.000000
6.310000,-38.179428,-3.245825,1.002486,9.465482,-8.377007,0.000000,10.588537,11.964370,0.000000
6.320000,-38.084247,-3.328994,1.002486,9.585752,-8.269762,0.000000,10.469518,12.135562,0.000000
6.330000,-37.987868,-3.411083,1.002486,9.704984,-8.160618,0.000000,10.347664,12.305920,0.000000
6.340000,-37.890304,-3.492072,1.002486,9.823147,-8.049583,0.000000,10.222970,12.475397,0.000000
6.350000,-37.791564,-3.571941,1.002486,9.940211,-7.936662,0.000000,10.095434,12.643949,0.000000
6.360000,-37.691659,-3.650674,1.002486,10.056145,-7.821863,0.000000,9.965053,12.811529,0.000000
6.370000,-37.590602,-3.728250,1.002486,10.170919,-7.705193,0.000000,9.831827,12.978093,0.000000
6.380000,-37.488404,-3.804651,1.002486,10.284501,-7.586662,0.000000,9.695753,13.143593,0.000000
6.390000,-37.385077,-3.879858,1.002486,10.396861,-7.466276,0.000000,9.556833,13.307983,0.000000
6.400000,-37.280634,-3.953853,1.002486,10.507969,-7.344045,0.000000,9.415066,13.471216,0.000000
6.410000,-37.175086,-4.026618,1.002486,10.617792,-7.219979,0.000000,9.270453,13.633245,0.000000
6.420000,-37.068448,-4.098134,1.002486,10.726300,-7.094088,0.000000,9.122997,13.794022,0.000000
6.430000,-36.960732,-4.168384,1.002486,10.833463,-6.966382,0.000000,8.972701,13.953500,0.000000
6.440000,-36.851951,-4.237348,1.002486,10.939249,-6.836873,0.000000,8.819567,14.111631,0.000000
6.450000,-36.742121,-4.305009,1.002486,11.043627,-6.705572,0.000000,8.663599,14.268366,0.000000
6.460000,-36.631255,-4.371350,1.002486,11.146567,-6.572491,0.000000,8.504804,14.423658,0.000000
6.470000,-36.519367,-4.436352,1.002486,11.248038,-6.437643,0.000000,8.343185,14.577457,0.000000
6.480000,-36.406472,-4.499997,1.002486,11.348008,-6.301041,0.000000,8.178751,14.729714,0.000000
6.490000,-36.292587,-4.562269,1.002486,11.446447,-6.162698,0.000000,8.011507,14.880381,0.000000
6.500000,-36.177725,-4.623151,1.002486,11.543324,-6.022629,0.000000,7.841463,15.029408,0.000000
6.510000,-36.061903,-4.682624,1.002486,11.638609,-5.880848,0.000000,7.668626,15.176746,0.000000
6.520000,-35.945136,-4.740672,1.002486,11.732270,-5.737371,0.000000,7.493007,15.322345,0.000000
6.530000,-35.827442,-4.797278,1.002486,11.824278,-5.592214,0.000000,7.314616,15.466155,0.000000
6.540000,-35.708837,-4.852425,1.002486,11.914601,-5.445392,0.000000,7.133463,15.608127,0.000000
6.550000,-35.589338,-4.906097,1.002486,12.003208,-5.296922,0.000000,6.949562,15.748209,0.000000
6.560000,-35.468962,-4.958277,1.002486,12.090071,-5.146823,0.000000,6.762925,15.886353,0.000000
6.570000,-35.347727,-5.008950,1.002486,12.175158,-4.995111,0.000000,6.573566,16.022508,0.000000
6.580000,-35.225650,-5.058098,1.002486,12.258439,-4.841805,0.000000,6.381499,16.156622,0.000000
6.590000,-35.102750,-5.105707,1.002486,12.339884,-4.686924,0.000000,6.186740,16.288647,0.000000
6.600000,-34.979045,-5.151761,1.002486,12.419464,-4.530488,0.000000,5.989306,16.418531,0.000000
6.610000,-34.854555,-5.196243,1.002486,12.497147,-4.372517,0.000000,5.789212,16.546223,0.000000
6.620000,-34.729298,-5.239140,1.002486,12.572906,-4.213031,0.000000,5.586479,16.671674,0.000000
6.630000,-34.603293,-5.280435,1.002486,12.646710,-4.052051,0.000000,5.381124,16.794831,0.000000
6.640000,-34.476560,-5.320115,1.002486,12.718530,-3.889599,0.000000,5.173167,16.915645,0.000000
6.650000,-34.349120,-5.358164,1.002486,12.788337,-3.725698,0.000000,4.962630,17.034065,0.000000
6.660000,-34.220992,-5.394568,1.002486,12.856102,-3.560370,0.000000,4.749533,17.150040,0.000000
6.670000,-34.092198,-5.429313,1.002486,12.921796,-3.393638,0.000000,4.533900,17.263520,0.000000
6.680000,-33.962757,-5.462386,1.002486,12.985391,-3.225527,0.000000,4.315754,17.374453,0.000000
6.690000,-33.832691,-5.493771,1.002486,13.046858,-3.056060,0.000000,4.095120,17.482789,0.000000
6.700000,-33.702022,-5.523457,1.002486,13.106169,-2.885263,0.000000,3.872022,17.588478,0.000000
6.710000,-33.570770,-5.551429,1.002486,13.163296,-2.713161,0.000000,3.646488,17.691470,0.000000
6.720000,-33.438959,-5.577675,1.002486,13.218212,-2.539780,0.000000,3.418544,17.791713,0.000000
6.730000,-33.306610,-5.602183,1.002486,13.270888,-2.365147,0.000000,3.188219,17.889157,0.000000
6.740000,-33.173746,-5.624939,1.002486,13.321299,-2.189290,0.000000,2.955541,17.983754,0.000000
6.750000,-33.040389,-5.645932,1.002486,13.369417,-2.012235,0.000000,2.720542,18.075452,0.000000
6.760000,-32.906563,-5.665150,1.002486,13.415215,-1.834011,0.000000,2.483251,18.164202,0.000000
6.770000,-32.772291,-5.682581,1.002486,13.458668,-1.654647,0.000000,2.243701,18.249954,0.000000
6.780000,-32.637596,-5.698215,1.002486,13.499749,-1.474172,0.000000,2.001926,18.332659,0.000000
6.790000,-32.502503,-5.712040,1.002486,13.538432,-1.292616,0.000000,1.757958,18.412268,0.000000
6.800000,-32.367034,-5.724045,1.002486,13.574693,-1.110009,0.000000,1.511833,18.488731,0.000000
6.810000,-32.231216,-5.734220,1.002486,13.608505,-0.926383,0.000000,1.263587,18.562001,0.000000
6.820000,-32.095072,-5.742556,1.002486,13.639845,-0.741769,0.000000,1.013256,18.632029,0.000000
6.830000,-31.958627,-5.749041,1.002486,13.668688,-0.556198,0.000000,0.760879,18.698766,0.000000
6.840000,-31.821907,-5.753668,1.002486,13.695011,-0.369704,0.000000,0.506495,18.762165,0.000000
6.850000,-31.684935,-5.756427,1.002486,13.718789,-0.182319,0.000000,0.250142,18.822178,0.000000
6.860000,-31.547739,-5.757309,1.002486,13.739999,0.005922,0.000000,-0.008137,18.878758,0.000000
6.870000,-31.410344,-5.756306,1.002486,13.758618,0.194987,0.000000,-0.268302,18.931859,0.000000
6.880000,-31.272776,-5.753410,1.002486,13.774625,0.384839,0.000000,-0.530309,18.981433,0.000000
6.890000,-31.135060,-5.748612,1.002486,13.787997,0.575445,0.000000,-0.794114,19.027436,0.000000
6.900000,-30.997224,-5.741907,1.002486,13.798712,0.766768,0.000000,-1.059674,19.069821,0.000000
6.910000,-30.859295,-5.733286,1.002486,13.806750,0.958773,0.000000,-1.326942,19.108542,0.000000
6.920000,-30.721298,-5.722743,1.002486,13.812090,1.151422,0.000000,-1.595871,19.143557,0.000000
6.930000,-30.583261,-5.710272,1.002486,13.814711,1.344678,0.000000,-1.866413,19.174819,0.000000
6.940000,-30.445212,-5.695867,1.002486,13.814594,1.538504,0.000000,-2.138521,19.202286,0.000000
6.950000,-30.307177,-5.679522,1.002486,13.811719,1.732862,0.000000,-2.412144,19.225913,0.000000
6.960000,-30.169185,-5.661233,1.002486,13.806068,1.927713,0.000000,-2.687232,19.245659,0.000000
6.970000,-30.031263,-5.640994,1.002486,13.797623,2.123018,0.000000,-2.963733,19.261482,0.000000
6.980000,-29.893440,-5.618802,1.002486,13.786365,2.318736,0.000000,-3.241594,19.273338,0.000000
6.990000,-29.755743,-5.594651,1.002486,13.772278,2.514830,0.000000,-3.520761,19.281189,0.000000
7.000000,-29.618200,-5.568540,1.002486,13.755344,2.711256,0.000000,-3.801182,19.284992,0.000000
7.010000,-29.480842,-5.540464,1.002486,13.735548,2.907976,0.000000,-4.082798,19.284709,0.000000
7.020000,-29.343695,-5.510421,1.002486,13.712874,3.104947,0.000000,-4.365555,19.280300,0.000000
7.030000,-29.206789,-5.478408,1.002486,13.687306,3.302127,0.000000,-4.649395,19.271727,0.000000
7.040000,-29.070153,-5.444425,1.002486,13.658831,3.499475,0.000000,-4.934259,19.258952,0.000000
7.050000,-28.933816,-5.408468,1.002486,13.627435,3.696946,0.000000,-5.220088,19.241938,0.000000
7.060000,-28.797807,-5.370538,1.002486,13.593104,3.894499,0.000000,-5.506822,19.220649,0.000000
7.070000,-28.662156,-5.330633,1.002486,13.555825,4.092090,0.000000,-5.794399,19.195049,0.000000
7.080000,-28.526892,-5.288754,1.002486,13.515587,4.289674,0.000000,-6.082758,19.165103,0.000000
7.090000,-28.392044,-5.244900,1.002486,13.472378,4.487207,0.000000,-6.371834,19.130777,0.000000
7.100000,-28.257644,-5.199073,1.002486,13.426187,4.684645,0.000000,-6.661565,19.092038,0.000000
7.110000,-28.123719,-5.151274,1.002486,13.377004,4.881942,0.000000,-6.951885,19.048854,0.000000
7.120000,-27.990302,-5.101504,1.002486,13.324820,5.079053,0.000000,-7.242729,19.001193,0.000000
7.130000,-27.857420,-5.049765,1.002486,13.269625,5.275931,0.000000,-7.534030,18.949025,0.000000
7.140000,-27.725105,-4.996060,1.002486,13.211412,5.472531,0.000000,-7.825719,18.892319,0.000000
7.150000,-27.593387,-4.940392,1.002486,13.150173,5.668805,0.000000,-8.117729,18.831048,0.000000
7.160000,-27.462295,-4.882764,1.002486,13.085901,5.864708,0.000000,-8.409991,18.765182,0.000000
7.170000,-27.331861,-4.823181,1.002486,13.018590,6.060190,0.000000,-8.702433,18.694696,0.000000
7.180000,-27.202115,-4.761646,1.002486,12.948235,6.255206,0.000000,-8.994986,18.619562,0.000000
7.190000,-27.073087,-4.698165,1.002486,12.874832,6.449706,0.000000,-9.287577,18.539757,0.000000
7.200000,-26.944807,-4.632744,1.002486,12.798375,6.643643,0.000000,-9.580134,18.455257,0.000000
7.210000,-26.817307,-4.565387,1.002486,12.718863,6.836968,0.000000,-9.872582,18.366037,0.000000
7.220000,-26.690616,-4.496101,1.002486,12.636292,7.029632,0.000000,-10.164848,18.272078,0.000000
7.230000,-26.564766,-4.424894,1.002486,12.550661,7.221586,0.000000,-10.456857,18.173357,0.000000
7.240000,-26.439787,-4.351772,1.002486,12.461969,7.412781,0.000000,-10.748533,18.069855,0.000000
7.250000,-26.315709,-4.276743,1.002486,12.370216,7.603167,0.000000,-11.039798,17.961554,0.000000
7.260000,-26.192563,-4.199816,1.002486,12.275403,7.792694,0.000000,-11.330576,17.848436,0.000000
7.270000,-26.070380,-4.120999,1.002486,12.177531,7.981311,0.000000,-11.620789,17.730486,0.000000
7.280000,-25.949190,-4.040302,1.002486,12.076603,8.168970,0.000000,-11.910358,17.607687,0.000000
7.290000,-25.829024,-3.957735,1.002486,11.972621,8.355618,0.000000,-12.199202,17.480026,0.000000
7.300000,-25.709912,-3.873308,1.002486,11.865589,8.541206,0.000000,-12.487243,17.347491,0.000000
7.310000,-25.591884,-3.787032,1.002486,11.755512,8.725682,0.000000,-12.774399,17.210070,0.000000
7.320000,-25.474972,-3.698917,1.002486,11.642396,8.908996,0.000000,-13.060588,17.067753,0.000000
7.330000,-25.359205,-3.608977,1.002486,11.526248,9.091095,0.000000,-13.345728,16.920531,0.000000
7.340000,-25.244614,-3.517224,1.002486,11.407073,9.271930,0.000000,-13.629737,16.768397,0.000000
7.350000,-25.131229,-3.423669,1.002486,11.284881,9.451448,0.000000,-13.912531,16.611344,0.000000
7.360000,-25.019080,-3.328328,1.002486,11.159680,9.629597,0.000000,-14.194026,16.449368,0.000000
7.370000,-24.908197,-3.231213,1.002486,11.031480,9.806327,0.000000,-14.474138,16.282465,0.000000
7.380000,-24.798610,-3.132339,1.002486,10.900293,9.981584,0.000000,-14.752781,16.110632,0.000000
7.390000,-24.690348,-3.031721,1.002486,10.766128,10.155318,0.000000,-15.029870,15.933870,0.000000
7.400000,-24.583443,-2.929375,1.002486,10.629000,10.327476,0.000000,-15.305319,15.752178,0.000000
7.410000,-24.477922,-2.825316,1.002486,10.488921,10.498006,0.000000,-15.579041,15.565559,0.000000
7.420000,-24.373815,-2.719562,1.002486,10.345906,10.666856,0.000000,-15.850948,15.374017,0.000000
7.430000,-24.271153,-2.612129,1.002486,10.199970,10.833975,0.000000,-16.120955,15.177555,0.000000
7.440000,-24.169963,-2.503034,1.002486,10.051129,10.999310,0.000000,-16.388971,14.976182,0.000000
7.450000,-24.070274,-2.392296,1.002486,9.899399,11.162808,0.000000,-16.654910,14.769904,0.000000
7.460000,-23.972117,-2.279934,1.002486,9.744800,11.324419,0.000000,-16.918683,14.558731,0.000000
7.470000,-23.875518,-2.165966,1.002486,9.587349,11.484091,0.000000,-17.180200,14.342674,0.000000
7.480000,-23.780508,-2.050412,1.002486,9.427067,11.641770,0.000000,-17.439371,14.121746,0.000000
7.490000,-23.687112,-1.933293,1.002486,9.263974,11.797406,0.000000,-17.696109,13.895961,0.000000
7.500000,-23.595361,-1.814628,1.002486,9.098092,11.950946,0.000000,-17.950322,13.665334,0.000000
7.510000,-23.505281,-1.694440,1.002486,8.929444,12.102340,0.000000,-18.201920,13.429883,0.000000
7.520000,-23.416900,-1.572750,1.002486,8.758052,12.251535,0.000000,-18.450812,13.189627,0.000000
7.530000,-23.330245,-1.449580,1.002486,8.583942,12.398481,0.000000,-18.696909,12.944585,0.000000
7.540000,-23.245344,-1.324952,1.002486,8.407140,12.543126,0.000000,-18.940120,12.694781,0.000000
7.550000,-23.162223,-1.198891,1.002486,8.227670,12.685418,0.000000,-19.180353,12.440238,0.000000
7.560000,-23.080908,-1.071420,1.002486,8.045562,12.825308,0.000000,-19.417517,12.180981,0.000000
7.570000,-23.001426,-0.942562,1.002486,7.860843,12.962745,0.000000,-19.651521,11.917037,0.000000
7.580000,-22.923803,-0.812344,1.002486,7.673542,13.097678,0.000000,-19.882275,11.648436,0.000000
7.590000,-22.848065,-0.680790,1.002486,7.483689,13.230056,0.000000,-20.109686,11.375208,0.000000
7.600000,-22.774237,-0.547926,1.002486,7.291317,13.359831,0.000000,-20.333663,11.097385,0.000000
7.610000,-22.702343,-0.413778,1.002486,7.096457,13.486953,0.000000,-20.554116,10.815000,0.000000
7.620000,-22.632409,-0.278373,1.002486,6.899142,13.611372,0.000000,-20.770954,10.528090,0.000000
7.630000,-22.564459,-0.141738,1.002486,6.699406,13.733039,0.000000,-20.984084,10.236692,0.000000
7.640000,-22.498516,-0.003901,1.002486,6.497284,13.851906,0.000000,-21.193416,9.940845,0.000000
7.650000,-22.434606,0.135110,1.002486,6.292813,13.967924,0.000000,-21.398860,9.640589,0.000000
7.660000,-22.372750,0.275265,1.002486,6.086029,14.081046,0.000000,-21.600324,9.335969,0.000000
7.670000,-22.312972,0.416537,1.002486,5.876971,14.191223,0.000000,-21.797719,9.027027,0.000000
7.680000,-22.255294,0.558895,1.002486,5.665676,14.298409,0.000000,-21.990954,8.713810,0.000000
7.690000,-22.199739,0.702309,1.002486,5.452186,14.402558,0.000000,-22.179939,8.396367,0.000000
7.700000,-22.146329,0.846749,1.002486,5.236541,14.503622,0.000000,-22.364585,8.074746,0.000000
7.710000,-22.095084,0.992183,1.002486,5.018782,14.601556,0.000000,-22.544802,7.749000,0.000000
7.720000,-22.046025,1.138580,1.002486,4.798953,14.696314,0.000000,-22.720502,7.419182,0.000000
7.730000,-21.999173,1.285909,1.002486,4.577097,14.787852,0.000000,-22.891596,7.085347,0.000000
7.740000,-21.954549,1.434136,1.002486,4.353259,14.876126,0.000000,-23.057996,6.747552,0.000000
7.750000,-21.912171,1.583228,1.002486,4.127485,14.961092,0.000000,-23.219615,6.405856,0.000000
7.760000,-21.872059,1.733153,1.002486,3.899820,15.042706,0.000000,-23.376365,6.060320,0.000000
7.770000,-21.834231,1.883877,1.002486,3.670312,15.120926,0.000000,-23.528161,5.711006,0.000000
7.780000,-21.798705,2.035366,1.002486,3.439010,15.195710,0.000000,-23.674916,5.357978,0.000000
7.790000,-21.765500,2.187585,1.002486,3.205964,15.267017,0.000000,-23.816546,5.001303,0.000000
7.800000,-21.734633,2.340499,1.002486,2.971222,15.334805,0.000000,-23.952965,4.641049,0.000000
7.810000,-21.706120,2.494073,1.002486,2.734837,15.399035,0.000000,-24.084090,4.277285,0.000000
7.820000,-21.679976,2.648271,1.002486,2.496860,15.459667,0.000000,-24.209838,3.910083,0.000000
7.830000,-21.656219,2.803057,1.002486,2.257345,15.516662,0.000000,-24.330126,3.539517,0.000000
7.840000,-21.634863,2.958394,1.002486,2.016345,15.569982,0.000000,-24.444872,3.165661,0.000000
7.850000,-21.615923,3.114246,1.002486,1.773914,15.619591,0.000000,-24.553997,2.788594,0.000000
7.860000,-21.599412,3.270574,1.002486,1.530110,15.665451,0.000000,-24.657420,2.408393,0.000000
7.870000,-21.585345,3.427343,1.002486,1.284987,15.707527,0.000000,-24.755063,2.025139,0.000000
7.880000,-21.573733,3.584513,1.002486,1.038603,15.745784,0.000000,-24.846847,1.638916,0.000000
7.890000,-21.564590,3.742046,1.002486,0.791017,15.780187,0.000000,-24.932695,1.249807,0.000000
7.900000,-21.557926,3.899904,1.002486,0.542287,15.810703,0.000000,-25.012532,0.857899,0.000000
7.910000,-21.553754,4.058047,1.002486,0.292474,15.837300,0.000000,-25.086283,0.463279,0.000000
7.920000,-21.552084,4.216437,1.002486,0.041637,15.859945,0.000000,-25.153873,0.066037,0.000000
7.930000,-21.552925,4.375033,1.002486,-0.210161,15.878609,0.000000,-25.215232,-0.333735,0.000000
7.940000,-21.556288,4.533796,1.002486,-0.462858,15.893262,0.000000,-25.270286,-0.735945,0.000000
7.950000,-21.562179,4.692685,1.002486,-0.716392,15.903873,0.000000,-25.318966,-1.140496,0.000000
7.960000,-21.570609,4.851660,1.002486,-0.970698,15.910416,0.000000,-25.361204,-1.547293,0.000000
7.970000,-21.581584,5.010680,1.002486,-1.225712,15.912864,0.000000,-25.396930,-1.956236,0.000000
7.980000,-21.595110,5.169704,1.002486,-1.481368,15.911189,0.000000,-25.426081,-2.367227,0.000000
7.990000,-21.611194,5.328691,1.002486,-1.737601,15.905368,0.000000,-25.448589,-2.780162,0.000000
8.000000,-21.629842,5.487599,1.002486,-1.994344,15.895376,0.000000,-25.464393,-3.194939,0.000000
8.010000,-21.651058,5.646386,1.002486,-2.251528,15.881191,0.000000,-25.473430,-3.611451,0.000000
8.020000,-21.674846,5.805010,1.002486,-2.509087,15.862789,0.000000,-25.475640,-4.029593,0.000000
8.030000,-21.701209,5.963430,1.002486,-2.766950,15.840151,0.000000,-25.470963,-4.449256,0.000000
8.040000,-21.730151,6.121602,1.002486,-3.025049,15.813256,0.000000,-25.459343,-4.870329,0.000000
8.050000,-21.761673,6.279484,1.002486,-3.283313,15.782087,0.000000,-25.440724,-5.292700,0.000000
8.060000,-21.795777,6.437034,1.002486,-3.541671,15.746624,0.000000,-25.415051,-5.716257,0.000000
8.070000,-21.832463,6.594207,1.002486,-3.800052,15.706852,0.000000,-25.382273,-6.140884,0.000000
8.080000,-21.871731,6.750962,1.002486,-4.058384,15.662756,0.000000,-25.342339,-6.566466,0.000000
8.090000,-21.913580,6.907254,1.002486,-4.316595,15.614321,0.000000,-25.295200,-6.992883,0.000000
8.100000,-21.958009,7.063041,1.002486,-4.574610,15.561534,0.000000,-25.240808,-7.420017,0.000000
8.110000,-22.005015,7.218279,1.002486,-4.832356,15.504384,0.000000,-25.179120,-7.847747,0.000000
8.120000,-22.054595,7.372923,1.002486,-5.089760,15.442861,0.000000,-25.110092,-8.275949,0.000000
8.130000,-22.106746,7.526931,1.002486,-5.346745,15.376954,0.000000,-25.033681,-8.704501,0.000000
8.140000,-22.161463,7.680259,1.002486,-5.603237,15.306656,0.000000,-24.949850,-9.133277,0.000000
8.150000,-22.218740,7.832862,1.002486,-5.859161,15.231961,0.000000,-24.858560,-9.562151,0.000000
8.160000,-22.278572,7.984697,1.002486,-6.114439,15.152862,0.000000,-24.759777,-9.990994,0.000000
8.170000,-22.340952,8.135719,1.002486,-6.368996,15.069356,0.000000,-24.653467,-10.419677,0.000000
8.180000,-22.405871,8.285885,1.002486,-6.622754,14.981440,0.000000,-24.539598,-10.848070,0.000000
8.190000,-22.473323,8.435150,1.002486,-6.875635,14.889112,0.000000,-24.418143,-11.276042,0.000000
8.200000,-22.543297,8.583471,1.002486,-7.127563,14.792371,0.000000,-24.289074,-11.703458,0.000000
8.210000,-22.615784,8.730803,1.002486,-7.378458,14.691221,0.000000,-24.152367,-12.130184,0.000000
8.220000,-22.690773,8.877102,1.002486,-7.628242,14.585661,0.000000,-24.007999,-12.556087,0.000000
8.230000,-22.768252,9.022324,1.002486,-7.876837,14.475698,0.000000,-23.855950,-12.981028,0.000000
8.240000,-22.848210,9.166426,1.002486,-8.124164,14.361336,0.000000,-23.696204,-13.404870,0.000000
8.250000,-22.930633,9.309362,1.002486,-8.370143,14.242581,0.000000,-23.528744,-13.827476,0.000000
8.260000,-23.015507,9.451090,1.002486,-8.614694,14.119442,0.000000,-23.353557,-14.248704,0.000000
8.270000,-23.102817,9.591566,1.002486,-8.857738,13.991929,0.000000,-23.170634,-14.668415,0.000000
8.280000,-23.192549,9.730745,1.002486,-9.099196,13.860052,0.000000,-22.979966,-15.086467,0.000000
8.290000,-23.284686,9.868585,1.002486,-9.338986,13.723824,0.000000,-22.781548,-15.502717,0.000000
8.300000,-23.379210,10.005042,1.002486,-9.577029,13.583259,0.000000,-22.575376,-15.917022,0.000000
8.310000,-23.476105,10.140072,1.002486,-9.813244,13.438372,0.000000,-22.361450,-16.329239,0.000000
8.320000,-23.575351,10.273633,1.002486,-10.047552,13.289180,0.000000,-22.139773,-16.739222,0.000000
8.330000,-23.676929,10.405682,1.002486,-10.279871,13.135701,0.000000,-21.910350,-17.146825,0.000000
8.340000,-23.780818,10.536176,1.002486,-10.510121,12.977956,0.000000,-21.673187,-17.551903,0.000000
8.350000,-23.886998,10.665072,1.002486,-10.738222,12.815966,0.000000,-21.428295,-17.954308,0.000000
8.360000,-23.995447,10.792328,1.002486,-10.964094,12.649753,0.000000,-21.175686,-18.353893,0.000000
8.370000,-24.106141,10.917902,1.002486,-11.187655,12.479342,0.000000,-20.915377,-18.750510,0.000000
8.380000,-24.219059,11.041752,1.002486,-11.408826,12.304759,0.000000,-20.647386,-19.144010,0.000000
8.390000,-24.334174,11.163836,1.002486,-11.627526,12.126031,0.000000,-20.371733,-19.534244,0.000000
8.400000,-24.451462,11.284114,1.002486,-11.843676,11.943188,0.000000,-20.088442,-19.921063,0.000000
8.410000,-24.570898,11.402545,1.002486,-12.057195,11.756260,0.000000,-19.797541,-20.304317,0.000000
8.420000,-24.692454,11.519086,1.002486,-12.268004,11.565278,0.000000,-19.499060,-20.683856,0.000000
8.430000,-24.816103,11.633700,1.002486,-12.476024,11.370278,0.000000,-19.193029,-21.059529,0.000000
8.440000,-24.941817,11.746344,1.002486,-12.681175,11.171293,0.000000,-18.879486,-21.431186,0.000000
8.450000,-25.069567,11.856980,1.002486,-12.883379,10.968361,0.000000,-18.558467,-21.798677,0.000000
8.460000,-25.199322,11.965569,1.002486,-13.082556,10.761520,0.000000,-18.230015,-22.161850,0.000000
8.470000,-25.331053,12.072071,1.002486,-13.278629,10.550810,0.000000,-17.894174,-22.520556,0.000000
8.480000,-25.464728,12.176448,1.002486,-13.471520,10.336273,0.000000,-17.550991,-22.874642,0.000000
8.490000,-25.600314,12.278662,1.002486,-13.661152,10.117951,0.000000,-17.200516,-23.223958,0.000000
8.500000,-25.737779,12.378675,1.002486,-13.847447,9.895889,0.000000,-16.842803,-23.568354,0.000000
8.510000,-25.877089,12.476451,1.002486,-14.030329,9.670133,0.000000,-16.477907,-23.907680,0.000000
8.520000,-26.018209,12.571952,1.002486,-14.209721,9.440732,0.000000,-16.105889,-24.241785,0.000000
8.530000,-26.161105,12.665143,1.002486,-14.385549,9.207734,0.000000,-15.726810,-24.570519,0.000000
8.540000,-26.305739,12.755987,1.002486,-14.557738,8.971190,0.000000,-15.340736,-24.893732,0.000000
8.550000,-26.452077,12.844450,1.002486,-14.726213,8.731154,0.000000,-14.947735,-25.211277,0.000000
8.560000,-26.600079,12.930497,1.002486,-14.890901,8.487678,0.000000,-14.547879,-25.523004,0.000000
8.570000,-26.749708,13.014093,1.002486,-15.051728,8.240818,0.000000,-14.141244,-25.828765,0.000000
8.580000,-26.900925,13.095206,1.002486,-15.208623,7.990632,0.000000,-13.727906,-26.128414,0.000000
8.590000,-27.053690,13.173802,1.002486,-15.361513,7.737178,0.000000,-13.307946,-26.421802,0.000000
8.600000,-27.207963,13.249849,1.002486,-15.510328,7.480517,0.000000,-12.881450,-26.708784,0.000000
8.610000,-27.363703,13.323315,1.002486,-15.654998,7.220710,0.000000,-12.448504,-26.989216,0.000000
8.620000,-27.520867,13.394169,1.002486,-15.795453,6.957820,0.000000,-12.009198,-27.262952,0.000000
8.630000,-27.679415,13.462381,1.002486,-15.931626,6.691913,0.000000,-11.563626,-27.529849,0.000000
8.640000,-27.839301,13.527920,1.002486,-16.063448,6.423055,0.000000,-11.111885,-27.789765,0.000000
8.650000,-28.000483,13.590758,1.002486,-16.190854,6.151313,0.000000,-10.654074,-28.042559,0.000000
8.660000,-28.162916,13.650866,1.002486,-16.313777,5.876757,0.000000,-10.190297,-28.288090,0.000000
8.670000,-28.326555,13.708216,1.002486,-16.432154,5.599458,0.000000,-9.720659,-28.526219,0.000000
8.680000,-28.491355,13.762782,1.002486,-16.545919,5.319488,0.000000,-9.245270,-28.756808,0.000000
8.690000,-28.657268,13.814536,1.002486,-16.655012,5.036920,0.000000,-8.764241,-28.979721,0.000000
8.700000,-28.824248,13.863454,1.002486,-16.759371,4.751831,0.000000,-8.277689,-29.194824,0.000000
8.710000,-28.992247,13.909510,1.002486,-16.858934,4.464296,0.000000,-7.785732,-29.401981,0.000000
8.720000,-29.161217,13.952681,1.002486,-16.953644,4.174394,0.000000,-7.288492,-29.601062,0.000000
8.730000,-29.331109,13.992942,1.002486,-17.043441,3.882204,0.000000,-6.786093,-29.791935,0.000000
8.740000,-29.501874,14.030273,1.002486,-17.128270,3.587807,0.000000,-6.278662,-29.974473,0.000000
8.750000,-29.673462,14.064650,1.002486,-17.208075,3.291285,0.000000,-5.766332,-30.148547,0.000000
8.760000,-29.845822,14.096054,1.002486,-17.282801,2.992723,0.000000,-5.249236,-30.314033,0.000000
8.770000,-30.018904,14.124464,1.002486,-17.352396,2.692204,0.000000,-4.727510,-30.470807,0.000000
8.780000,-30.192655,14.149861,1.002486,-17.416807,2.389815,0.000000,-4.201295,-30.618748,0.000000
8.790000,-30.367024,14.172227,1.002486,-17.475986,2.085644,0.000000,-3.670734,-30.757735,0.000000
8.800000,-30.541959,14.191545,1.002486,-17.529883,1.779780,0.000000,-3.135972,-30.887653,0.000000
8.810000,-30.717405,14.207797,1.002486,-17.578450,1.472312,0.000000,-2.597159,-31.008385,0.000000
8.820000,-30.893311,14.220969,1.002486,-17.621642,1.163333,0.000000,-2.054446,-31.119819,0.000000
8.830000,-31.069621,14.231046,1.002486,-17.659414,0.852934,0.000000,-1.507988,-31.221844,0.000000
8.840000,-31.246281,14.238014,1.002486,-17.691724,0.541211,0.000000,-0.957943,-31.314351,0.000000
8.850000,-31.423237,14.241860,1.002486,-17.718530,0.228256,0.000000,-0.404470,-31.397235,0.000000
8.860000,-31.600433,14.242573,1.002486,-17.739792,-0.085832,0.000000,0.152266,-31.470392,0.000000
8.870000,-31.777814,14.240141,1.002486,-17.755473,-0.400958,0.000000,0.712101,-31.533721,0.000000
8.880000,-31.955324,14.234555,1.002486,-17.765536,-0.717022,0.000000,1.274865,-31.587124,0.000000
8.890000,-32.132906,14.225806,1.002486,-17.769947,-1.033925,0.000000,1.840386,-31.630505,0.000000
8.900000,-32.310504,14.213886,1.002486,-17.768671,-1.351566,0.000000,2.408491,-31.663772,0.000000
8.910000,-32.488061,14.198788,1.002486,-17.761678,-1.669844,0.000000,2.979003,-31.686834,0.000000
8.920000,-32.665519,14.180506,1.002486,-17.748939,-1.988657,0.000000,3.551742,-31.699605,0.000000
8.930000,-32.842822,14.159035,1.002486,-17.730426,-2.307901,0.000000,4.126527,-31.702001,0.000000
8.940000,-33.019910,14.134373,1.002486,-17.706112,-2.627471,0.000000,4.703173,-31.693940,0.000000
8.950000,-33.196727,14.106515,1.002486,-17.675974,-2.947262,0.000000,5.281493,-31.675345,0.000000
8.960000,-33.373213,14.075460,1.002486,-17.639989,-3.267167,0.000000,5.861298,-31.646141,0.000000
8.970000,-33.549310,14.041208,1.002486,-17.598138,-3.587080,0.000000,6.442397,-31.606255,0.000000
8.980000,-33.724960,14.003758,1.002486,-17.550401,-3.906893,0.000000,7.024594,-31.555621,0.000000
8.990000,-33.900104,13.963114,1.002486,-17.496763,-4.226497,0.000000,7.607695,-31.494174,0.000000
9.000000,-34.074681,13.919277,1.002486,-17.437209,-4.545783,0.000000,8.191500,-31.421851,0.000000
9.010000,-34.248634,13.872250,1.002486,-17.371727,-4.864639,0.000000,8.775809,-31.338595,0.000000
9.020000,-34.421904,13.822039,1.002486,-17.300305,-5.182956,0.000000,9.360419,-31.244351,0.000000
9.030000,-34.594429,13.768651,1.002486,-17.222937,-5.500622,0.000000,9.945125,-31.139070,0.000000
9.040000,-34.766152,13.712090,1.002486,-17.139615,-5.817525,0.000000,10.529721,-31.022703,0.000000
9.050000,-34.937012,13.652367,1.002486,-17.050335,-6.133552,0.000000,11.113997,-30.895208,0.000000
9.060000,-35.106951,13.589490,1.002486,-16.955096,-6.448590,0.000000,11.697743,-30.756544,0.000000
9.070000,-35.275907,13.523470,1.002486,-16.853897,-6.762526,0.000000,12.280747,-30.606677,0.000000
9.080000,-35.443823,13.454318,1.002486,-16.746741,-7.075244,0.000000,12.862794,-30.445574,0.000000
9.090000,-35.610638,13.382048,1.002486,-16.633631,-7.386631,0.000000,13.443669,-30.273208,0.000000
9.100000,-35.776293,13.306672,1.002486,-16.514575,-7.696572,0.000000,14.023154,-30.089555,0.000000
9.110000,-35.940729,13.228206,1.002486,-16.389581,-8.004950,0.000000,14.601030,-29.894596,0.000000
9.120000,-36.103885,13.146666,1.002486,-16.258661,-8.311652,0.000000,15.177076,-29.688314,0.000000
9.130000,-36.265704,13.062070,1.002486,-16.121826,-8.616560,0.000000,15.751072,-29.470699,0.000000
9.140000,-36.426126,12.974436,1.002486,-15.979094,-8.919559,0.000000,16.322794,-29.241743,0.000000
9.150000,-36.585092,12.883783,1.002486,-15.830482,-9.220533,0.000000,16.892017,-29.001444,0.000000
9.160000,-36.742543,12.790133,1.002486,-15.676010,-9.519365,0.000000,17.458515,-28.749802,0.000000
9.170000,-36.898421,12.693507,1.002486,-15.515700,-9.815939,0.000000,18.022064,-28.486825,0.000000
9.180000,-37.052669,12.593929,1.002486,-15.349577,-10.110138,0.000000,18.582433,-28.212522,0.000000
9.190000,-37.205227,12.491422,1.002486,-15.177668,-10.401846,0.000000,19.139396,-27.926909,0.000000
9.200000,-37.356038,12.386014,1.002486,-15.000002,-10.690946,0.000000,19.692723,-27.630004,0.000000
9.210000,-37.505045,12.277729,1.002486,-14.816611,-10.977323,0.000000,20.242184,-27.321832,0.000000
9.220000,-37.652190,12.166596,1.002486,-14.627530,-11.260860,0.000000,20.787548,-27.002420,0.000000
9.230000,-37.797418,12.052643,1.002486,-14.432794,-11.541441,0.000000,21.328583,-26.671803,0.000000
9.240000,-37.940671,11.935902,1.002486,-14.232442,-11.818950,0.000000,21.865058,-26.330018,0.000000
9.250000,-38.081894,11.816403,1.002486,-14.026516,-12.093273,0.000000,22.396741,-25.977108,0.000000
9.260000,-38.221032,11.694178,1.002486,-13.815059,-12.364293,0.000000,22.923399,-25.613119,0.000000
9.270000,-38.358028,11.569262,1.002486,-13.598117,-12.631897,0.000000,23.444800,-25.238105,0.000000
9.280000,-38.492830,11.441688,1.002486,-13.375739,-12.895969,0.000000,23.960711,-24.852122,0.000000
9.290000,-38.625381,11.311493,1.002486,-13.147974,-13.156397,0.000000,24.470898,-24.455232,0.000000
9.300000,-38.755630,11.178714,1.002486,-12.914877,-13.413066,0.000000,24.975130,-24.047501,0.000000
9.310000,-38.883522,11.043389,1.002486,-12.676503,-13.665865,0.000000,25.473173,-23.629001,0.000000
9.320000,-39.009006,10.905557,1.002486,-12.432909,-13.914682,0.000000,25.964796,-23.199809,0.000000
9.330000,-39.132030,10.765258,1.002486,-12.184157,-14.159404,0.000000,26.449766,-22.760006,0.000000
9.340000,-39.252542,10.622534,1.002486,-11.930309,-14.399921,0.000000,26.927853,-22.309677,0.000000
9.350000,-39.370492,10.477428,1.002486,-11.671430,-14.636124,0.000000,27.398825,-21.848916,0.000000
9.360000,-39.485830,10.329983,1.002486,-11.407587,-14.867904,0.000000,27.862452,-21.377818,0.000000
9.370000,-39.598506,10.180244,1.002486,-11.138851,-15.095152,0.000000,28.318505,-20.896484,0.000000
9.380000,-39.708472,10.028256,1.002486,-10.865293,-15.317761,0.000000,28.766755,-20.405021,0.000000
9.390000,-39.815680,9.874067,1.002486,-10.586990,-15.535625,0.000000,29.206975,-19.903540,0.000000
9.400000,-39.920083,9.717725,1.002486,-10.304016,-15.748640,0.000000,29.638940,-19.392159,0.000000
9.410000,-40.021636,9.559278,1.002486,-10.016453,-15.956700,0.000000,30.062423,-18.870997,0.000000
9.420000,-40.120291,9.398777,1.002486,-9.724381,-16.159703,0.000000,30.477201,-18.340182,0.000000
9.430000,-40.216005,9.236273,1.002486,-9.427885,-16.357548,0.000000,30.883051,-17.799846,0.000000
9.440000,-40.308734,9.071817,1.002486,-9.127051,-16.550134,0.000000,31.279754,-17.250125,0.000000
9.450000,-40.398436,8.905463,1.002486,-8.821967,-16.737362,0.000000,31.667090,-16.691162,0.000000
9.460000,-40.485067,8.737265,1.002486,-8.512725,-16.919134,0.000000,32.044841,-16.123102,0.000000
9.470000,-40.568587,8.567278,1.002486,-8.199418,-17.095354,0.000000,32.412792,-15.546097,0.000000
9.480000,-40.648955,8.395557,1.002486,-7.882142,-17.265927,0.000000,32.770730,-14.960305,0.000000
9.490000,-40.726134,8.222160,1.002486,-7.560994,-17.430760,0.000000,33.118443,-14.365888,0.000000
9.500000,-40.800083,8.047145,1.002486,-7.236073,-17.589760,0.000000,33.455723,-13.763011,0.000000
9.510000,-40.870767,7.870570,1.002486,-6.907483,-17.742837,0.000000,33.782362,-13.151848,0.000000
9.520000,-40.938148,7.692494,1.002486,-6.575327,-17.889904,0.000000,34.098157,-12.532574,0.000000
9.530000,-41.002193,7.512980,1.002486,-6.239713,-18.030873,0.000000,34.402906,-11.905372,0.000000
9.540000,-41.062866,7.332087,1.002486,-5.900748,-18.165659,0.000000,34.696409,-11.270428,0.000000
9.550000,-41.120135,7.149878,1.002486,-5.558543,-18.294179,0.000000,34.978471,-10.627934,0.000000
9.560000,-41.173968,6.966416,1.002486,-5.213211,-18.416352,0.000000,35.248898,-9.978085,0.000000
9.570000,-41.224335,6.781764,1.002486,-4.864867,-18.532098,0.000000,35.507501,-9.321084,0.000000
9.580000,-41.271205,6.595989,1.002486,-4.513627,-18.641340,0.000000,35.754091,-8.657137,0.000000
9.590000,-41.314551,6.409154,1.002486,-4.159611,-18.744003,0.000000,35.988485,-7.986453,0.000000
9.600000,-41.354345,6.221326,1.002486,-3.802939,-18.840012,0.000000,36.210503,-7.309248,0.000000
9.610000,-41.390562,6.032572,1.002486,-3.443733,-18.929297,0.000000,36.419968,-6.625743,0.000000
9.620000,-41.423176,5.842959,1.002486,-3.082119,-19.011790,0.000000,36.616707,-5.936162,0.000000
9.630000,-41.452165,5.652557,1.002486,-2.718223,-19.087422,0.000000,36.800549,-5.240734,0.000000
9.640000,-41.477505,5.461432,1.002486,-2.352172,-19.156129,0.000000,36.971329,-4.539693,0.000000
9.650000,-41.499177,5.269656,1.002486,-1.984098,-19.217850,0.000000,37.128886,-3.833277,0.000000
9.660000,-41.517160,5.077298,1.002486,-1.614131,-19.272524,0.000000,37.273061,-3.121730,0.000000
9.670000,-41.531437,4.884428,1.002486,-1.242405,-19.320094,0.000000,37.403702,-2.405297,0.000000
9.680000,-41.541990,4.691119,1.002486,-0.869056,-19.360505,0.000000,37.520658,-1.684230,0.000000
9.690000,-41.548804,4.497442,1.002486,-0.494219,-19.393704,0.000000,37.623785,-0.958785,0.000000
9.700000,-41.551865,4.303469,1.002486,-0.118033,-19.419641,0.000000,37.712943,-0.229221,0.000000
9.710000,-41.551160,4.109273,1.002486,0.259362,-19.438270,0.000000,37.787996,0.504199,0.000000
9.720000,-41.546677,3.914928,1.002486,0.637824,-19.449544,0.000000,37.848814,1.241206,0.000000
9.730000,-41.538407,3.720507,1.002486,1.017212,-19.453423,0.000000,37.895269,1.981529,0.000000
9.740000,-41.526340,3.526084,1.002486,1.397381,-19.449867,0.000000,37.927241,2.724893,0.000000
9.750000,-41.510471,3.331734,1.002486,1.778186,-19.438839,0.000000,37.944613,3.471018,0.000000
9.760000,-41.490793,3.137532,1.002486,2.159479,-19.420305,0.000000,37.947276,4.219622,0.000000
9.770000,-41.467302,2.943552,1.002486,2.541114,-19.394235,0.000000,37.935123,4.970419,0.000000
9.780000,-41.439996,2.749870,1.002486,2.922940,-19.360600,0.000000,37.908054,5.723117,0.000000
9.790000,-41.408873,2.556563,1.002486,3.304809,-19.319375,0.000000,37.865974,6.477425,0.000000
9.800000,-41.373934,2.363705,1.002486,3.686567,-19.270538,0.000000,37.808795,7.233045,0.000000
9.810000,-41.335181,2.171374,1.002486,4.068064,-19.214069,0.000000,37.736432,7.989678,0.000000
9.820000,-41.292616,1.979645,1.002486,4.449146,-19.149953,0.000000,37.648808,8.747021,0.000000
9.830000,-41.246245,1.788595,1.002486,4.829658,-19.078176,0.000000,37.545851,9.504767,0.000000
9.840000,-41.196074,1.598301,1.002486,5.209446,-18.998728,0.000000,37.427495,10.262608,0.000000
9.850000,-41.142112,1.408839,1.002486,5.588353,-18.911602,0.000000,37.293680,11.020233,0.000000
9.860000,-41.084367,1.220287,1.002486,5.966224,-18.816795,0.000000,37.144353,11.777327,0.000000
9.870000,-41.022852,1.032720,1.002486,6.342901,-18.714305,0.000000,36.979466,12.533573,0.000000
9.880000,-40.957578,0.846215,1.002486,6.718227,-18.604135,0.000000,36.798979,13.288652,0.000000
9.890000,-40.888560,0.660851,1.002486,7.092042,-18.486291,0.000000,36.602856,14.042243,0.000000
9.900000,-40.815814,0.476702,1.002486,7.464188,-18.360781,0.000000,36.391069,14.794021,0.000000
9.910000,-40.739358,0.293846,1.002486,7.834507,-18.227619,0.000000,36.163597,15.543662,0.000000
9.920000,-40.659210,0.112359,1.002486,8.202838,-18.086820,0.000000,35.920424,16.290836,0.000000
9.930000,-40.575391,-0.067683,1.002486,8.569022,-17.938402,0.000000,35.661543,17.035215,0.000000
9.940000,-40.487923,-0.246204,1.002486,8.932898,-17.782388,0.000000,35.386953,17.776467,0.000000
9.950000,-40.396831,-0.423127,1.002486,9.294307,-17.618804,0.000000,35.096658,18.514260,0.000000
9.960000,-40.302139,-0.598378,1.002486,9.653089,-17.447678,0.000000,34.790671,19.248259,0.000000
9.970000,-40.203875,-0.771880,1.002486,10.009083,-17.269044,0.000000,34.469011,19.978129,0.000000
9.980000,-40.102067,-0.943561,1.002486,10.362128,-17.082936,0.000000,34.131706,20.703533,0.000000
9.990000,-39.996747,-1.113343,1.002486,10.712067,-16.889394,0.000000,33.778788,21.424133,0.000000
